vt_symbol,tq_symbol,bar_datetime,bar_id,open,high,low,close,volume,open_oi,close_oi
jm2405.DCE,DCE.jm2405,2024-03-28 14:46:00,72301,1566.5,1566.5,1566.5,1566.5,0.0,123399.0,123399.0
jm2405.DCE,DCE.jm2405,2024-03-28 14:47:00,72302,1568.5,1568.5,1568.5,1568.5,0.0,123475.0,123475.0
jm2405.DCE,DCE.jm2405,2024-03-28 14:48:00,72303,1567.0,1567.0,1567.0,1567.0,0.0,123509.0,123509.0
jm2405.DCE,DCE.jm2405,2024-03-28 14:49:00,72304,1567.5,1567.5,1567.5,1567.5,0.0,123485.0,123485.0
jm2405.DCE,DCE.jm2405,2024-03-28 14:50:00,72305,1567.5,1567.5,1567.5,1567.5,0.0,123495.0,123495.0
jm2405.DCE,DCE.jm2405,2024-03-28 14:51:00,72306,1566.5,1566.5,1566.5,1566.5,0.0,123500.0,123500.0
jm2405.DCE,DCE.jm2405,2024-03-28 14:52:00,72307,1565.5,1565.5,1565.5,1565.5,0.0,123538.0,123538.0
jm2405.DCE,DCE.jm2405,2024-03-28 14:53:00,72308,1565.5,1565.5,1565.5,1565.5,0.0,123556.0,123556.0
jm2405.DCE,DCE.jm2405,2024-03-28 14:54:00,72309,1566.0,1566.0,1566.0,1566.0,0.0,123574.0,123574.0
jm2405.DCE,DCE.jm2405,2024-03-28 14:55:00,72310,1565.5,1565.5,1565.5,1565.5,0.0,123548.0,123548.0
jm2405.DCE,DCE.jm2405,2024-03-28 14:56:00,72311,1566.0,1566.0,1566.0,1566.0,0.0,123566.0,123566.0
jm2405.DCE,DCE.jm2405,2024-03-28 14:57:00,72312,1563.5,1563.5,1563.5,1563.5,0.0,123434.0,123434.0
jm2405.DCE,DCE.jm2405,2024-03-28 14:58:00,72313,1563.5,1563.5,1563.5,1563.5,0.0,123310.0,123310.0
jm2405.DCE,DCE.jm2405,2024-03-28 14:59:00,72314,1566.0,1566.0,1566.0,1566.0,0.0,123176.0,123176.0
jm2405.DCE,DCE.jm2405,2024-03-28 21:00:00,72315,1564.0,1564.0,1564.0,1564.0,0.0,122704.0,122704.0
jm2405.DCE,DCE.jm2405,2024-03-28 21:01:00,72316,1559.0,1559.0,1559.0,1559.0,0.0,121718.0,121718.0
jm2405.DCE,DCE.jm2405,2024-03-28 21:02:00,72317,1556.5,1556.5,1556.5,1556.5,0.0,121583.0,121583.0
jm2405.DCE,DCE.jm2405,2024-03-28 21:03:00,72318,1557.0,1557.0,1557.0,1557.0,0.0,121362.0,121362.0
jm2405.DCE,DCE.jm2405,2024-03-28 21:04:00,72319,1552.5,1552.5,1552.5,1552.5,0.0,121219.0,121219.0
jm2405.DCE,DCE.jm2405,2024-03-28 21:05:00,72320,1550.5,1550.5,1550.5,1550.5,0.0,121218.0,121218.0
jm2405.DCE,DCE.jm2405,2024-03-28 21:06:00,72321,1552.0,1552.0,1552.0,1552.0,0.0,121154.0,121154.0
jm2405.DCE,DCE.jm2405,2024-03-28 21:07:00,72322,1551.5,1551.5,1551.5,1551.5,0.0,121148.0,121148.0
jm2405.DCE,DCE.jm2405,2024-03-28 21:08:00,72323,1550.5,1550.5,1550.5,1550.5,0.0,121148.0,121148.0
jm2405.DCE,DCE.jm2405,2024-03-28 21:09:00,72324,1549.5,1549.5,1549.5,1549.5,0.0,121106.0,121106.0
jm2405.DCE,DCE.jm2405,2024-03-28 21:10:00,72325,1547.0,1547.0,1547.0,1547.0,0.0,121130.0,121130.0
jm2405.DCE,DCE.jm2405,2024-03-28 21:11:00,72326,1548.0,1548.0,1548.0,1548.0,0.0,121117.0,121117.0
jm2405.DCE,DCE.jm2405,2024-03-28 21:12:00,72327,1549.0,1549.0,1549.0,1549.0,0.0,121140.0,121140.0
jm2405.DCE,DCE.jm2405,2024-03-28 21:13:00,72328,1547.5,1547.5,1547.5,1547.5,0.0,120912.0,120912.0
jm2405.DCE,DCE.jm2405,2024-03-28 21:14:00,72329,1547.0,1547.0,1547.0,1547.0,0.0,120845.0,120845.0
jm2405.DCE,DCE.jm2405,2024-03-28 21:15:00,72330,1546.5,1546.5,1546.5,1546.5,0.0,120782.0,120782.0
jm2405.DCE,DCE.jm2405,2024-03-28 21:16:00,72331,1550.5,1550.5,1550.5,1550.5,0.0,120625.0,120625.0
jm2405.DCE,DCE.jm2405,2024-03-28 21:17:00,72332,1550.5,1550.5,1550.5,1550.5,0.0,120477.0,120477.0
jm2405.DCE,DCE.jm2405,2024-03-28 21:18:00,72333,1550.0,1550.0,1550.0,1550.0,0.0,120316.0,120316.0
jm2405.DCE,DCE.jm2405,2024-03-28 21:19:00,72334,1551.0,1551.0,1551.0,1551.0,0.0,120277.0,120277.0
jm2405.DCE,DCE.jm2405,2024-03-28 21:20:00,72335,1554.5,1554.5,1554.5,1554.5,0.0,119465.0,119465.0
jm2405.DCE,DCE.jm2405,2024-03-28 21:21:00,72336,1554.0,1554.0,1554.0,1554.0,0.0,119368.0,119368.0
jm2405.DCE,DCE.jm2405,2024-03-28 21:22:00,72337,1553.0,1553.0,1553.0,1553.0,0.0,119269.0,119269.0
jm2405.DCE,DCE.jm2405,2024-03-28 21:23:00,72338,1553.5,1553.5,1553.5,1553.5,0.0,119238.0,119238.0
jm2405.DCE,DCE.jm2405,2024-03-28 21:24:00,72339,1554.5,1554.5,1554.5,1554.5,0.0,119124.0,119124.0
jm2405.DCE,DCE.jm2405,2024-03-28 21:25:00,72340,1554.5,1554.5,1554.5,1554.5,0.0,119013.0,119013.0
jm2405.DCE,DCE.jm2405,2024-03-28 21:26:00,72341,1552.5,1552.5,1552.5,1552.5,0.0,118917.0,118917.0
jm2405.DCE,DCE.jm2405,2024-03-28 21:27:00,72342,1554.5,1554.5,1554.5,1554.5,0.0,118867.0,118867.0
jm2405.DCE,DCE.jm2405,2024-03-28 21:28:00,72343,1554.5,1554.5,1554.5,1554.5,0.0,118803.0,118803.0
jm2405.DCE,DCE.jm2405,2024-03-28 21:29:00,72344,1552.5,1552.5,1552.5,1552.5,0.0,118774.0,118774.0
jm2405.DCE,DCE.jm2405,2024-03-28 21:30:00,72345,1552.0,1552.0,1552.0,1552.0,0.0,118759.0,118759.0
jm2405.DCE,DCE.jm2405,2024-03-28 21:31:00,72346,1553.5,1553.5,1553.5,1553.5,0.0,118670.0,118670.0
jm2405.DCE,DCE.jm2405,2024-03-28 21:32:00,72347,1553.0,1553.0,1553.0,1553.0,0.0,118644.0,118644.0
jm2405.DCE,DCE.jm2405,2024-03-28 21:33:00,72348,1552.5,1552.5,1552.5,1552.5,0.0,118632.0,118632.0
jm2405.DCE,DCE.jm2405,2024-03-28 21:34:00,72349,1551.0,1551.0,1551.0,1551.0,0.0,118625.0,118625.0
jm2405.DCE,DCE.jm2405,2024-03-28 21:35:00,72350,1549.0,1549.0,1549.0,1549.0,0.0,118556.0,118556.0
jm2405.DCE,DCE.jm2405,2024-03-28 21:36:00,72351,1546.0,1546.0,1546.0,1546.0,0.0,118523.0,118523.0
jm2405.DCE,DCE.jm2405,2024-03-28 21:37:00,72352,1544.5,1544.5,1544.5,1544.5,0.0,118639.0,118639.0
jm2405.DCE,DCE.jm2405,2024-03-28 21:38:00,72353,1545.5,1545.5,1545.5,1545.5,0.0,118663.0,118663.0
jm2405.DCE,DCE.jm2405,2024-03-28 21:39:00,72354,1547.0,1547.0,1547.0,1547.0,0.0,118626.0,118626.0
jm2405.DCE,DCE.jm2405,2024-03-28 21:40:00,72355,1546.0,1546.0,1546.0,1546.0,0.0,118596.0,118596.0
jm2405.DCE,DCE.jm2405,2024-03-28 21:41:00,72356,1545.5,1545.5,1545.5,1545.5,0.0,118518.0,118518.0
jm2405.DCE,DCE.jm2405,2024-03-28 21:42:00,72357,1546.5,1546.5,1546.5,1546.5,0.0,118470.0,118470.0
jm2405.DCE,DCE.jm2405,2024-03-28 21:43:00,72358,1549.0,1549.0,1549.0,1549.0,0.0,118275.0,118275.0
jm2405.DCE,DCE.jm2405,2024-03-28 21:44:00,72359,1548.0,1548.0,1548.0,1548.0,0.0,118270.0,118270.0
jm2405.DCE,DCE.jm2405,2024-03-28 21:45:00,72360,1549.0,1549.0,1549.0,1549.0,0.0,118165.0,118165.0
jm2405.DCE,DCE.jm2405,2024-03-28 21:46:00,72361,1550.0,1550.0,1550.0,1550.0,0.0,118128.0,118128.0
jm2405.DCE,DCE.jm2405,2024-03-28 21:47:00,72362,1549.0,1549.0,1549.0,1549.0,0.0,118084.0,118084.0
jm2405.DCE,DCE.jm2405,2024-03-28 21:48:00,72363,1548.5,1548.5,1548.5,1548.5,0.0,118064.0,118064.0
jm2405.DCE,DCE.jm2405,2024-03-28 21:49:00,72364,1549.0,1549.0,1549.0,1549.0,0.0,118045.0,118045.0
jm2405.DCE,DCE.jm2405,2024-03-28 21:50:00,72365,1548.0,1548.0,1548.0,1548.0,0.0,118048.0,118048.0
jm2405.DCE,DCE.jm2405,2024-03-28 21:51:00,72366,1548.0,1548.0,1548.0,1548.0,0.0,118062.0,118062.0
jm2405.DCE,DCE.jm2405,2024-03-28 21:52:00,72367,1548.0,1548.0,1548.0,1548.0,0.0,118046.0,118046.0
jm2405.DCE,DCE.jm2405,2024-03-28 21:53:00,72368,1549.0,1549.0,1549.0,1549.0,0.0,118036.0,118036.0
jm2405.DCE,DCE.jm2405,2024-03-28 21:54:00,72369,1550.5,1550.5,1550.5,1550.5,0.0,118026.0,118026.0
jm2405.DCE,DCE.jm2405,2024-03-28 21:55:00,72370,1549.5,1549.5,1549.5,1549.5,0.0,117996.0,117996.0
jm2405.DCE,DCE.jm2405,2024-03-28 21:56:00,72371,1549.0,1549.0,1549.0,1549.0,0.0,117982.0,117982.0
jm2405.DCE,DCE.jm2405,2024-03-28 21:57:00,72372,1548.0,1548.0,1548.0,1548.0,0.0,117929.0,117929.0
jm2405.DCE,DCE.jm2405,2024-03-28 21:58:00,72373,1547.0,1547.0,1547.0,1547.0,0.0,117837.0,117837.0
jm2405.DCE,DCE.jm2405,2024-03-28 21:59:00,72374,1547.5,1547.5,1547.5,1547.5,0.0,117813.0,117813.0
jm2405.DCE,DCE.jm2405,2024-03-28 22:00:00,72375,1547.0,1547.0,1547.0,1547.0,0.0,117790.0,117790.0
jm2405.DCE,DCE.jm2405,2024-03-28 22:01:00,72376,1545.0,1545.0,1545.0,1545.0,0.0,117643.0,117643.0
jm2405.DCE,DCE.jm2405,2024-03-28 22:02:00,72377,1546.0,1546.0,1546.0,1546.0,0.0,117602.0,117602.0
jm2405.DCE,DCE.jm2405,2024-03-28 22:03:00,72378,1546.5,1546.5,1546.5,1546.5,0.0,117588.0,117588.0
jm2405.DCE,DCE.jm2405,2024-03-28 22:04:00,72379,1547.5,1547.5,1547.5,1547.5,0.0,117560.0,117560.0
jm2405.DCE,DCE.jm2405,2024-03-28 22:05:00,72380,1546.5,1546.5,1546.5,1546.5,0.0,117534.0,117534.0
jm2405.DCE,DCE.jm2405,2024-03-28 22:06:00,72381,1545.5,1545.5,1545.5,1545.5,0.0,117502.0,117502.0
jm2405.DCE,DCE.jm2405,2024-03-28 22:07:00,72382,1539.0,1539.0,1539.0,1539.0,0.0,117444.0,117444.0
jm2405.DCE,DCE.jm2405,2024-03-28 22:08:00,72383,1542.0,1542.0,1542.0,1542.0,0.0,117418.0,117418.0
jm2405.DCE,DCE.jm2405,2024-03-28 22:09:00,72384,1540.5,1540.5,1540.5,1540.5,0.0,117387.0,117387.0
jm2405.DCE,DCE.jm2405,2024-03-28 22:10:00,72385,1542.0,1542.0,1542.0,1542.0,0.0,117420.0,117420.0
jm2405.DCE,DCE.jm2405,2024-03-28 22:11:00,72386,1543.0,1543.0,1543.0,1543.0,0.0,117331.0,117331.0
jm2405.DCE,DCE.jm2405,2024-03-28 22:12:00,72387,1542.5,1542.5,1542.5,1542.5,0.0,117328.0,117328.0
jm2405.DCE,DCE.jm2405,2024-03-28 22:13:00,72388,1545.5,1545.5,1545.5,1545.5,0.0,117287.0,117287.0
jm2405.DCE,DCE.jm2405,2024-03-28 22:14:00,72389,1543.5,1543.5,1543.5,1543.5,0.0,117278.0,117278.0
jm2405.DCE,DCE.jm2405,2024-03-28 22:15:00,72390,1548.0,1548.0,1548.0,1548.0,0.0,117188.0,117188.0
jm2405.DCE,DCE.jm2405,2024-03-28 22:16:00,72391,1545.5,1545.5,1545.5,1545.5,0.0,117130.0,117130.0
jm2405.DCE,DCE.jm2405,2024-03-28 22:17:00,72392,1544.5,1544.5,1544.5,1544.5,0.0,117115.0,117115.0
jm2405.DCE,DCE.jm2405,2024-03-28 22:18:00,72393,1546.0,1546.0,1546.0,1546.0,0.0,117078.0,117078.0
jm2405.DCE,DCE.jm2405,2024-03-28 22:19:00,72394,1544.0,1544.0,1544.0,1544.0,0.0,117067.0,117067.0
jm2405.DCE,DCE.jm2405,2024-03-28 22:20:00,72395,1540.5,1540.5,1540.5,1540.5,0.0,117130.0,117130.0
jm2405.DCE,DCE.jm2405,2024-03-28 22:21:00,72396,1536.5,1536.5,1536.5,1536.5,0.0,116995.0,116995.0
jm2405.DCE,DCE.jm2405,2024-03-28 22:22:00,72397,1537.0,1537.0,1537.0,1537.0,0.0,116914.0,116914.0
jm2405.DCE,DCE.jm2405,2024-03-28 22:23:00,72398,1536.0,1536.0,1536.0,1536.0,0.0,116986.0,116986.0
jm2405.DCE,DCE.jm2405,2024-03-28 22:24:00,72399,1536.5,1536.5,1536.5,1536.5,0.0,117031.0,117031.0
jm2405.DCE,DCE.jm2405,2024-03-28 22:25:00,72400,1536.0,1536.0,1536.0,1536.0,0.0,117027.0,117027.0
jm2405.DCE,DCE.jm2405,2024-03-28 22:26:00,72401,1535.5,1535.5,1535.5,1535.5,0.0,116990.0,116990.0
jm2405.DCE,DCE.jm2405,2024-03-28 22:27:00,72402,1534.5,1534.5,1534.5,1534.5,0.0,117017.0,117017.0
jm2405.DCE,DCE.jm2405,2024-03-28 22:28:00,72403,1531.5,1531.5,1531.5,1531.5,0.0,117049.0,117049.0
jm2405.DCE,DCE.jm2405,2024-03-28 22:29:00,72404,1529.5,1529.5,1529.5,1529.5,0.0,117014.0,117014.0
jm2405.DCE,DCE.jm2405,2024-03-28 22:30:00,72405,1532.0,1532.0,1532.0,1532.0,0.0,117000.0,117000.0
jm2405.DCE,DCE.jm2405,2024-03-28 22:31:00,72406,1528.5,1528.5,1528.5,1528.5,0.0,117028.0,117028.0
jm2405.DCE,DCE.jm2405,2024-03-28 22:32:00,72407,1532.0,1532.0,1532.0,1532.0,0.0,116904.0,116904.0
jm2405.DCE,DCE.jm2405,2024-03-28 22:33:00,72408,1531.5,1531.5,1531.5,1531.5,0.0,116899.0,116899.0
jm2405.DCE,DCE.jm2405,2024-03-28 22:34:00,72409,1533.0,1533.0,1533.0,1533.0,0.0,116800.0,116800.0
jm2405.DCE,DCE.jm2405,2024-03-28 22:35:00,72410,1532.5,1532.5,1532.5,1532.5,0.0,116744.0,116744.0
jm2405.DCE,DCE.jm2405,2024-03-28 22:36:00,72411,1531.0,1531.0,1531.0,1531.0,0.0,116780.0,116780.0
jm2405.DCE,DCE.jm2405,2024-03-28 22:37:00,72412,1536.0,1536.0,1536.0,1536.0,0.0,116601.0,116601.0
jm2405.DCE,DCE.jm2405,2024-03-28 22:38:00,72413,1542.5,1542.5,1542.5,1542.5,0.0,115974.0,115974.0
jm2405.DCE,DCE.jm2405,2024-03-28 22:39:00,72414,1538.0,1538.0,1538.0,1538.0,0.0,115839.0,115839.0
jm2405.DCE,DCE.jm2405,2024-03-28 22:40:00,72415,1538.0,1538.0,1538.0,1538.0,0.0,115740.0,115740.0
jm2405.DCE,DCE.jm2405,2024-03-28 22:41:00,72416,1539.0,1539.0,1539.0,1539.0,0.0,115624.0,115624.0
jm2405.DCE,DCE.jm2405,2024-03-28 22:42:00,72417,1537.5,1537.5,1537.5,1537.5,0.0,115621.0,115621.0
jm2405.DCE,DCE.jm2405,2024-03-28 22:43:00,72418,1537.0,1537.0,1537.0,1537.0,0.0,115623.0,115623.0
jm2405.DCE,DCE.jm2405,2024-03-28 22:44:00,72419,1538.0,1538.0,1538.0,1538.0,0.0,115596.0,115596.0
jm2405.DCE,DCE.jm2405,2024-03-28 22:45:00,72420,1536.5,1536.5,1536.5,1536.5,0.0,115568.0,115568.0
jm2405.DCE,DCE.jm2405,2024-03-28 22:46:00,72421,1537.5,1537.5,1537.5,1537.5,0.0,115574.0,115574.0
jm2405.DCE,DCE.jm2405,2024-03-28 22:47:00,72422,1539.0,1539.0,1539.0,1539.0,0.0,115570.0,115570.0
jm2405.DCE,DCE.jm2405,2024-03-28 22:48:00,72423,1539.0,1539.0,1539.0,1539.0,0.0,115494.0,115494.0
jm2405.DCE,DCE.jm2405,2024-03-28 22:49:00,72424,1537.0,1537.0,1537.0,1537.0,0.0,115384.0,115384.0
jm2405.DCE,DCE.jm2405,2024-03-28 22:50:00,72425,1534.0,1534.0,1534.0,1534.0,0.0,115369.0,115369.0
jm2405.DCE,DCE.jm2405,2024-03-28 22:51:00,72426,1535.0,1535.0,1535.0,1535.0,0.0,115392.0,115392.0
jm2405.DCE,DCE.jm2405,2024-03-28 22:52:00,72427,1535.0,1535.0,1535.0,1535.0,0.0,115354.0,115354.0
jm2405.DCE,DCE.jm2405,2024-03-28 22:53:00,72428,1536.0,1536.0,1536.0,1536.0,0.0,115316.0,115316.0
jm2405.DCE,DCE.jm2405,2024-03-28 22:54:00,72429,1536.0,1536.0,1536.0,1536.0,0.0,115289.0,115289.0
jm2405.DCE,DCE.jm2405,2024-03-28 22:55:00,72430,1534.5,1534.5,1534.5,1534.5,0.0,115235.0,115235.0
jm2405.DCE,DCE.jm2405,2024-03-28 22:56:00,72431,1535.5,1535.5,1535.5,1535.5,0.0,115183.0,115183.0
jm2405.DCE,DCE.jm2405,2024-03-28 22:57:00,72432,1538.0,1538.0,1538.0,1538.0,0.0,115108.0,115108.0
jm2405.DCE,DCE.jm2405,2024-03-28 22:58:00,72433,1538.5,1538.5,1538.5,1538.5,0.0,115119.0,115119.0
jm2405.DCE,DCE.jm2405,2024-03-28 22:59:00,72434,1535.0,1535.0,1535.0,1535.0,0.0,115100.0,115100.0
jm2405.DCE,DCE.jm2405,2024-03-29 09:00:00,72435,1531.0,1531.0,1531.0,1531.0,0.0,114860.0,114860.0
jm2405.DCE,DCE.jm2405,2024-03-29 09:01:00,72436,1532.0,1532.0,1532.0,1532.0,0.0,114843.0,114843.0
jm2405.DCE,DCE.jm2405,2024-03-29 09:02:00,72437,1533.0,1533.0,1533.0,1533.0,0.0,114781.0,114781.0
jm2405.DCE,DCE.jm2405,2024-03-29 09:03:00,72438,1535.5,1535.5,1535.5,1535.5,0.0,114721.0,114721.0
jm2405.DCE,DCE.jm2405,2024-03-29 09:04:00,72439,1536.0,1536.0,1536.0,1536.0,0.0,114711.0,114711.0
jm2405.DCE,DCE.jm2405,2024-03-29 09:05:00,72440,1537.5,1537.5,1537.5,1537.5,0.0,114629.0,114629.0
jm2405.DCE,DCE.jm2405,2024-03-29 09:06:00,72441,1538.0,1538.0,1538.0,1538.0,0.0,114515.0,114515.0
jm2405.DCE,DCE.jm2405,2024-03-29 09:07:00,72442,1534.0,1534.0,1534.0,1534.0,0.0,114502.0,114502.0
jm2405.DCE,DCE.jm2405,2024-03-29 09:08:00,72443,1534.0,1534.0,1534.0,1534.0,0.0,114562.0,114562.0
jm2405.DCE,DCE.jm2405,2024-03-29 09:09:00,72444,1537.0,1537.0,1537.0,1537.0,0.0,114584.0,114584.0
jm2405.DCE,DCE.jm2405,2024-03-29 09:10:00,72445,1538.5,1538.5,1538.5,1538.5,0.0,114524.0,114524.0
jm2405.DCE,DCE.jm2405,2024-03-29 09:11:00,72446,1536.5,1536.5,1536.5,1536.5,0.0,114559.0,114559.0
jm2405.DCE,DCE.jm2405,2024-03-29 09:12:00,72447,1535.5,1535.5,1535.5,1535.5,0.0,114526.0,114526.0
jm2405.DCE,DCE.jm2405,2024-03-29 09:13:00,72448,1535.0,1535.0,1535.0,1535.0,0.0,114521.0,114521.0
jm2405.DCE,DCE.jm2405,2024-03-29 09:14:00,72449,1532.0,1532.0,1532.0,1532.0,0.0,114481.0,114481.0
jm2405.DCE,DCE.jm2405,2024-03-29 09:15:00,72450,1532.0,1532.0,1532.0,1532.0,0.0,114460.0,114460.0
jm2405.DCE,DCE.jm2405,2024-03-29 09:16:00,72451,1530.0,1530.0,1530.0,1530.0,0.0,114458.0,114458.0
jm2405.DCE,DCE.jm2405,2024-03-29 09:17:00,72452,1529.0,1529.0,1529.0,1529.0,0.0,114490.0,114490.0
jm2405.DCE,DCE.jm2405,2024-03-29 09:18:00,72453,1531.0,1531.0,1531.0,1531.0,0.0,114431.0,114431.0
jm2405.DCE,DCE.jm2405,2024-03-29 09:19:00,72454,1530.0,1530.0,1530.0,1530.0,0.0,114425.0,114425.0
jm2405.DCE,DCE.jm2405,2024-03-29 09:20:00,72455,1530.0,1530.0,1530.0,1530.0,0.0,114547.0,114547.0
jm2405.DCE,DCE.jm2405,2024-03-29 09:21:00,72456,1529.5,1529.5,1529.5,1529.5,0.0,114498.0,114498.0
jm2405.DCE,DCE.jm2405,2024-03-29 09:22:00,72457,1527.5,1527.5,1527.5,1527.5,0.0,114644.0,114644.0
jm2405.DCE,DCE.jm2405,2024-03-29 09:23:00,72458,1526.5,1526.5,1526.5,1526.5,0.0,114745.0,114745.0
jm2405.DCE,DCE.jm2405,2024-03-29 09:24:00,72459,1524.0,1524.0,1524.0,1524.0,0.0,114851.0,114851.0
jm2405.DCE,DCE.jm2405,2024-03-29 09:25:00,72460,1523.0,1523.0,1523.0,1523.0,0.0,115035.0,115035.0
jm2405.DCE,DCE.jm2405,2024-03-29 09:26:00,72461,1519.0,1519.0,1519.0,1519.0,0.0,115309.0,115309.0
jm2405.DCE,DCE.jm2405,2024-03-29 09:27:00,72462,1521.5,1521.5,1521.5,1521.5,0.0,115397.0,115397.0
jm2405.DCE,DCE.jm2405,2024-03-29 09:28:00,72463,1519.0,1519.0,1519.0,1519.0,0.0,115431.0,115431.0
jm2405.DCE,DCE.jm2405,2024-03-29 09:29:00,72464,1520.5,1520.5,1520.5,1520.5,0.0,115497.0,115497.0
jm2405.DCE,DCE.jm2405,2024-03-29 09:30:00,72465,1522.0,1522.0,1522.0,1522.0,0.0,115451.0,115451.0
jm2405.DCE,DCE.jm2405,2024-03-29 09:31:00,72466,1521.5,1521.5,1521.5,1521.5,0.0,115432.0,115432.0
jm2405.DCE,DCE.jm2405,2024-03-29 09:32:00,72467,1523.0,1523.0,1523.0,1523.0,0.0,115442.0,115442.0
jm2405.DCE,DCE.jm2405,2024-03-29 09:33:00,72468,1520.0,1520.0,1520.0,1520.0,0.0,115490.0,115490.0
jm2405.DCE,DCE.jm2405,2024-03-29 09:34:00,72469,1520.0,1520.0,1520.0,1520.0,0.0,115591.0,115591.0
jm2405.DCE,DCE.jm2405,2024-03-29 09:35:00,72470,1520.5,1520.5,1520.5,1520.5,0.0,115598.0,115598.0
jm2405.DCE,DCE.jm2405,2024-03-29 09:36:00,72471,1517.0,1517.0,1517.0,1517.0,0.0,115612.0,115612.0
jm2405.DCE,DCE.jm2405,2024-03-29 09:37:00,72472,1518.0,1518.0,1518.0,1518.0,0.0,115741.0,115741.0
jm2405.DCE,DCE.jm2405,2024-03-29 09:38:00,72473,1516.5,1516.5,1516.5,1516.5,0.0,115744.0,115744.0
jm2405.DCE,DCE.jm2405,2024-03-29 09:39:00,72474,1520.0,1520.0,1520.0,1520.0,0.0,115571.0,115571.0
jm2405.DCE,DCE.jm2405,2024-03-29 09:40:00,72475,1518.5,1518.5,1518.5,1518.5,0.0,115581.0,115581.0
jm2405.DCE,DCE.jm2405,2024-03-29 09:41:00,72476,1520.5,1520.5,1520.5,1520.5,0.0,115588.0,115588.0
jm2405.DCE,DCE.jm2405,2024-03-29 09:42:00,72477,1520.0,1520.0,1520.0,1520.0,0.0,115595.0,115595.0
jm2405.DCE,DCE.jm2405,2024-03-29 09:43:00,72478,1519.5,1519.5,1519.5,1519.5,0.0,115602.0,115602.0
jm2405.DCE,DCE.jm2405,2024-03-29 09:44:00,72479,1520.0,1520.0,1520.0,1520.0,0.0,115632.0,115632.0
jm2405.DCE,DCE.jm2405,2024-03-29 09:45:00,72480,1521.0,1521.0,1521.0,1521.0,0.0,115656.0,115656.0
jm2405.DCE,DCE.jm2405,2024-03-29 09:46:00,72481,1519.0,1519.0,1519.0,1519.0,0.0,115657.0,115657.0
jm2405.DCE,DCE.jm2405,2024-03-29 09:47:00,72482,1520.0,1520.0,1520.0,1520.0,0.0,115684.0,115684.0
jm2405.DCE,DCE.jm2405,2024-03-29 09:48:00,72483,1521.0,1521.0,1521.0,1521.0,0.0,115634.0,115634.0
jm2405.DCE,DCE.jm2405,2024-03-29 09:49:00,72484,1519.5,1519.5,1519.5,1519.5,0.0,115623.0,115623.0
jm2405.DCE,DCE.jm2405,2024-03-29 09:50:00,72485,1519.0,1519.0,1519.0,1519.0,0.0,115590.0,115590.0
jm2405.DCE,DCE.jm2405,2024-03-29 09:51:00,72486,1518.0,1518.0,1518.0,1518.0,0.0,115565.0,115565.0
jm2405.DCE,DCE.jm2405,2024-03-29 09:52:00,72487,1519.0,1519.0,1519.0,1519.0,0.0,115579.0,115579.0
jm2405.DCE,DCE.jm2405,2024-03-29 09:53:00,72488,1517.0,1517.0,1517.0,1517.0,0.0,115635.0,115635.0
jm2405.DCE,DCE.jm2405,2024-03-29 09:54:00,72489,1516.0,1516.0,1516.0,1516.0,0.0,115662.0,115662.0
jm2405.DCE,DCE.jm2405,2024-03-29 09:55:00,72490,1518.0,1518.0,1518.0,1518.0,0.0,115666.0,115666.0
jm2405.DCE,DCE.jm2405,2024-03-29 09:56:00,72491,1517.0,1517.0,1517.0,1517.0,0.0,115668.0,115668.0
jm2405.DCE,DCE.jm2405,2024-03-29 09:57:00,72492,1518.0,1518.0,1518.0,1518.0,0.0,115664.0,115664.0
jm2405.DCE,DCE.jm2405,2024-03-29 09:58:00,72493,1517.0,1517.0,1517.0,1517.0,0.0,115690.0,115690.0
jm2405.DCE,DCE.jm2405,2024-03-29 09:59:00,72494,1515.0,1515.0,1515.0,1515.0,0.0,115752.0,115752.0
jm2405.DCE,DCE.jm2405,2024-03-29 10:00:00,72495,1518.5,1518.5,1518.5,1518.5,0.0,115769.0,115769.0
jm2405.DCE,DCE.jm2405,2024-03-29 10:01:00,72496,1520.5,1520.5,1520.5,1520.5,0.0,115742.0,115742.0
jm2405.DCE,DCE.jm2405,2024-03-29 10:02:00,72497,1519.0,1519.0,1519.0,1519.0,0.0,115794.0,115794.0
jm2405.DCE,DCE.jm2405,2024-03-29 10:03:00,72498,1518.5,1518.5,1518.5,1518.5,0.0,115764.0,115764.0
jm2405.DCE,DCE.jm2405,2024-03-29 10:04:00,72499,1521.5,1521.5,1521.5,1521.5,0.0,115663.0,115663.0
jm2405.DCE,DCE.jm2405,2024-03-29 10:05:00,72500,1521.0,1521.0,1521.0,1521.0,0.0,115548.0,115548.0
jm2405.DCE,DCE.jm2405,2024-03-29 10:06:00,72501,1521.0,1521.0,1521.0,1521.0,0.0,115582.0,115582.0
jm2405.DCE,DCE.jm2405,2024-03-29 10:07:00,72502,1519.0,1519.0,1519.0,1519.0,0.0,115574.0,115574.0
jm2405.DCE,DCE.jm2405,2024-03-29 10:08:00,72503,1519.0,1519.0,1519.0,1519.0,0.0,115576.0,115576.0
jm2405.DCE,DCE.jm2405,2024-03-29 10:09:00,72504,1516.5,1516.5,1516.5,1516.5,0.0,115683.0,115683.0
jm2405.DCE,DCE.jm2405,2024-03-29 10:10:00,72505,1517.5,1517.5,1517.5,1517.5,0.0,115699.0,115699.0
jm2405.DCE,DCE.jm2405,2024-03-29 10:11:00,72506,1518.0,1518.0,1518.0,1518.0,0.0,115727.0,115727.0
jm2405.DCE,DCE.jm2405,2024-03-29 10:12:00,72507,1516.5,1516.5,1516.5,1516.5,0.0,115691.0,115691.0
jm2405.DCE,DCE.jm2405,2024-03-29 10:13:00,72508,1514.0,1514.0,1514.0,1514.0,0.0,115732.0,115732.0
jm2405.DCE,DCE.jm2405,2024-03-29 10:14:00,72509,1515.5,1515.5,1515.5,1515.5,0.0,115799.0,115799.0
jm2405.DCE,DCE.jm2405,2024-03-29 10:30:00,72510,1513.0,1513.0,1513.0,1513.0,0.0,115839.0,115839.0
jm2405.DCE,DCE.jm2405,2024-03-29 10:31:00,72511,1510.0,1510.0,1510.0,1510.0,0.0,115876.0,115876.0
jm2405.DCE,DCE.jm2405,2024-03-29 10:32:00,72512,1508.0,1508.0,1508.0,1508.0,0.0,116150.0,116150.0
jm2405.DCE,DCE.jm2405,2024-03-29 10:33:00,72513,1508.0,1508.0,1508.0,1508.0,0.0,116329.0,116329.0
jm2405.DCE,DCE.jm2405,2024-03-29 10:34:00,72514,1507.5,1507.5,1507.5,1507.5,0.0,116476.0,116476.0
jm2405.DCE,DCE.jm2405,2024-03-29 10:35:00,72515,1505.0,1505.0,1505.0,1505.0,0.0,116649.0,116649.0
jm2405.DCE,DCE.jm2405,2024-03-29 10:36:00,72516,1507.5,1507.5,1507.5,1507.5,0.0,116782.0,116782.0
jm2405.DCE,DCE.jm2405,2024-03-29 10:37:00,72517,1508.0,1508.0,1508.0,1508.0,0.0,116838.0,116838.0
jm2405.DCE,DCE.jm2405,2024-03-29 10:38:00,72518,1510.0,1510.0,1510.0,1510.0,0.0,116983.0,116983.0
jm2405.DCE,DCE.jm2405,2024-03-29 10:39:00,72519,1510.5,1510.5,1510.5,1510.5,0.0,116977.0,116977.0
jm2405.DCE,DCE.jm2405,2024-03-29 10:40:00,72520,1512.0,1512.0,1512.0,1512.0,0.0,116932.0,116932.0
jm2405.DCE,DCE.jm2405,2024-03-29 10:41:00,72521,1515.5,1515.5,1515.5,1515.5,0.0,116940.0,116940.0
jm2405.DCE,DCE.jm2405,2024-03-29 10:42:00,72522,1516.0,1516.0,1516.0,1516.0,0.0,116927.0,116927.0
jm2405.DCE,DCE.jm2405,2024-03-29 10:43:00,72523,1517.0,1517.0,1517.0,1517.0,0.0,116884.0,116884.0
jm2405.DCE,DCE.jm2405,2024-03-29 10:44:00,72524,1518.5,1518.5,1518.5,1518.5,0.0,116817.0,116817.0
jm2405.DCE,DCE.jm2405,2024-03-29 10:45:00,72525,1514.5,1514.5,1514.5,1514.5,0.0,116925.0,116925.0
jm2405.DCE,DCE.jm2405,2024-03-29 10:46:00,72526,1517.0,1517.0,1517.0,1517.0,0.0,116943.0,116943.0
jm2405.DCE,DCE.jm2405,2024-03-29 10:47:00,72527,1517.0,1517.0,1517.0,1517.0,0.0,116948.0,116948.0
jm2405.DCE,DCE.jm2405,2024-03-29 10:48:00,72528,1517.0,1517.0,1517.0,1517.0,0.0,116901.0,116901.0
jm2405.DCE,DCE.jm2405,2024-03-29 10:49:00,72529,1517.5,1517.5,1517.5,1517.5,0.0,116886.0,116886.0
jm2405.DCE,DCE.jm2405,2024-03-29 10:50:00,72530,1517.5,1517.5,1517.5,1517.5,0.0,116870.0,116870.0
jm2405.DCE,DCE.jm2405,2024-03-29 10:51:00,72531,1519.0,1519.0,1519.0,1519.0,0.0,116812.0,116812.0
jm2405.DCE,DCE.jm2405,2024-03-29 10:52:00,72532,1516.0,1516.0,1516.0,1516.0,0.0,116837.0,116837.0
jm2405.DCE,DCE.jm2405,2024-03-29 10:53:00,72533,1514.5,1514.5,1514.5,1514.5,0.0,116819.0,116819.0
jm2405.DCE,DCE.jm2405,2024-03-29 10:54:00,72534,1514.0,1514.0,1514.0,1514.0,0.0,116842.0,116842.0
jm2405.DCE,DCE.jm2405,2024-03-29 10:55:00,72535,1513.0,1513.0,1513.0,1513.0,0.0,116845.0,116845.0
jm2405.DCE,DCE.jm2405,2024-03-29 10:56:00,72536,1513.5,1513.5,1513.5,1513.5,0.0,116872.0,116872.0
jm2405.DCE,DCE.jm2405,2024-03-29 10:57:00,72537,1514.0,1514.0,1514.0,1514.0,0.0,116884.0,116884.0
jm2405.DCE,DCE.jm2405,2024-03-29 10:58:00,72538,1512.0,1512.0,1512.0,1512.0,0.0,116878.0,116878.0
jm2405.DCE,DCE.jm2405,2024-03-29 10:59:00,72539,1508.0,1508.0,1508.0,1508.0,0.0,116712.0,116712.0
jm2405.DCE,DCE.jm2405,2024-03-29 11:00:00,72540,1507.0,1507.0,1507.0,1507.0,0.0,116777.0,116777.0
jm2405.DCE,DCE.jm2405,2024-03-29 11:01:00,72541,1508.5,1508.5,1508.5,1508.5,0.0,116830.0,116830.0
jm2405.DCE,DCE.jm2405,2024-03-29 11:02:00,72542,1510.5,1510.5,1510.5,1510.5,0.0,116860.0,116860.0
jm2405.DCE,DCE.jm2405,2024-03-29 11:03:00,72543,1509.5,1509.5,1509.5,1509.5,0.0,116934.0,116934.0
jm2405.DCE,DCE.jm2405,2024-03-29 11:04:00,72544,1511.0,1511.0,1511.0,1511.0,0.0,117011.0,117011.0
jm2405.DCE,DCE.jm2405,2024-03-29 11:05:00,72545,1512.0,1512.0,1512.0,1512.0,0.0,117063.0,117063.0
jm2405.DCE,DCE.jm2405,2024-03-29 11:06:00,72546,1512.5,1512.5,1512.5,1512.5,0.0,117068.0,117068.0
jm2405.DCE,DCE.jm2405,2024-03-29 11:07:00,72547,1509.0,1509.0,1509.0,1509.0,0.0,117199.0,117199.0
jm2405.DCE,DCE.jm2405,2024-03-29 11:08:00,72548,1507.5,1507.5,1507.5,1507.5,0.0,117276.0,117276.0
jm2405.DCE,DCE.jm2405,2024-03-29 11:09:00,72549,1507.0,1507.0,1507.0,1507.0,0.0,117414.0,117414.0
jm2405.DCE,DCE.jm2405,2024-03-29 11:10:00,72550,1506.0,1506.0,1506.0,1506.0,0.0,117492.0,117492.0
jm2405.DCE,DCE.jm2405,2024-03-29 11:11:00,72551,1505.0,1505.0,1505.0,1505.0,0.0,117545.0,117545.0
jm2405.DCE,DCE.jm2405,2024-03-29 11:12:00,72552,1505.0,1505.0,1505.0,1505.0,0.0,117630.0,117630.0
jm2405.DCE,DCE.jm2405,2024-03-29 11:13:00,72553,1505.5,1505.5,1505.5,1505.5,0.0,117695.0,117695.0
jm2405.DCE,DCE.jm2405,2024-03-29 11:14:00,72554,1507.0,1507.0,1507.0,1507.0,0.0,117709.0,117709.0
jm2405.DCE,DCE.jm2405,2024-03-29 11:15:00,72555,1507.0,1507.0,1507.0,1507.0,0.0,117705.0,117705.0
jm2405.DCE,DCE.jm2405,2024-03-29 11:16:00,72556,1509.0,1509.0,1509.0,1509.0,0.0,117783.0,117783.0
jm2405.DCE,DCE.jm2405,2024-03-29 11:17:00,72557,1507.0,1507.0,1507.0,1507.0,0.0,117819.0,117819.0
jm2405.DCE,DCE.jm2405,2024-03-29 11:18:00,72558,1506.0,1506.0,1506.0,1506.0,0.0,117871.0,117871.0
jm2405.DCE,DCE.jm2405,2024-03-29 11:19:00,72559,1508.0,1508.0,1508.0,1508.0,0.0,117894.0,117894.0
jm2405.DCE,DCE.jm2405,2024-03-29 11:20:00,72560,1508.5,1508.5,1508.5,1508.5,0.0,117908.0,117908.0
jm2405.DCE,DCE.jm2405,2024-03-29 11:21:00,72561,1508.0,1508.0,1508.0,1508.0,0.0,117929.0,117929.0
jm2405.DCE,DCE.jm2405,2024-03-29 11:22:00,72562,1506.0,1506.0,1506.0,1506.0,0.0,117980.0,117980.0
jm2405.DCE,DCE.jm2405,2024-03-29 11:23:00,72563,1508.0,1508.0,1508.0,1508.0,0.0,118023.0,118023.0
jm2405.DCE,DCE.jm2405,2024-03-29 11:24:00,72564,1507.0,1507.0,1507.0,1507.0,0.0,118038.0,118038.0
jm2405.DCE,DCE.jm2405,2024-03-29 11:25:00,72565,1505.5,1505.5,1505.5,1505.5,0.0,118073.0,118073.0
jm2405.DCE,DCE.jm2405,2024-03-29 11:26:00,72566,1506.5,1506.5,1506.5,1506.5,0.0,118081.0,118081.0
jm2405.DCE,DCE.jm2405,2024-03-29 11:27:00,72567,1506.0,1506.0,1506.0,1506.0,0.0,118042.0,118042.0
jm2405.DCE,DCE.jm2405,2024-03-29 11:28:00,72568,1506.5,1506.5,1506.5,1506.5,0.0,118035.0,118035.0
jm2405.DCE,DCE.jm2405,2024-03-29 11:29:00,72569,1507.0,1507.0,1507.0,1507.0,0.0,118038.0,118038.0
jm2405.DCE,DCE.jm2405,2024-03-29 13:30:00,72570,1506.0,1506.0,1506.0,1506.0,0.0,118044.0,118044.0
jm2405.DCE,DCE.jm2405,2024-03-29 13:31:00,72571,1503.5,1503.5,1503.5,1503.5,0.0,118179.0,118179.0
jm2405.DCE,DCE.jm2405,2024-03-29 13:32:00,72572,1498.0,1498.0,1498.0,1498.0,0.0,117881.0,117881.0
jm2405.DCE,DCE.jm2405,2024-03-29 13:33:00,72573,1495.0,1495.0,1495.0,1495.0,0.0,117805.0,117805.0
jm2405.DCE,DCE.jm2405,2024-03-29 13:34:00,72574,1489.5,1489.5,1489.5,1489.5,0.0,117883.0,117883.0
jm2405.DCE,DCE.jm2405,2024-03-29 13:35:00,72575,1491.0,1491.0,1491.0,1491.0,0.0,118126.0,118126.0
jm2405.DCE,DCE.jm2405,2024-03-29 13:36:00,72576,1495.5,1495.5,1495.5,1495.5,0.0,118031.0,118031.0
jm2405.DCE,DCE.jm2405,2024-03-29 13:37:00,72577,1494.5,1494.5,1494.5,1494.5,0.0,118080.0,118080.0
jm2405.DCE,DCE.jm2405,2024-03-29 13:38:00,72578,1493.0,1493.0,1493.0,1493.0,0.0,118165.0,118165.0
jm2405.DCE,DCE.jm2405,2024-03-29 13:39:00,72579,1493.0,1493.0,1493.0,1493.0,0.0,118291.0,118291.0
jm2405.DCE,DCE.jm2405,2024-03-29 13:40:00,72580,1494.0,1494.0,1494.0,1494.0,0.0,118589.0,118589.0
jm2405.DCE,DCE.jm2405,2024-03-29 13:41:00,72581,1494.5,1494.5,1494.5,1494.5,0.0,118743.0,118743.0
jm2405.DCE,DCE.jm2405,2024-03-29 13:42:00,72582,1492.0,1492.0,1492.0,1492.0,0.0,118838.0,118838.0
jm2405.DCE,DCE.jm2405,2024-03-29 13:43:00,72583,1495.0,1495.0,1495.0,1495.0,0.0,118915.0,118915.0
jm2405.DCE,DCE.jm2405,2024-03-29 13:44:00,72584,1496.5,1496.5,1496.5,1496.5,0.0,118975.0,118975.0
jm2405.DCE,DCE.jm2405,2024-03-29 13:45:00,72585,1496.0,1496.0,1496.0,1496.0,0.0,119046.0,119046.0
jm2405.DCE,DCE.jm2405,2024-03-29 13:46:00,72586,1497.5,1497.5,1497.5,1497.5,0.0,119022.0,119022.0
jm2405.DCE,DCE.jm2405,2024-03-29 13:47:00,72587,1498.0,1498.0,1498.0,1498.0,0.0,118969.0,118969.0
jm2405.DCE,DCE.jm2405,2024-03-29 13:48:00,72588,1497.5,1497.5,1497.5,1497.5,0.0,119023.0,119023.0
jm2405.DCE,DCE.jm2405,2024-03-29 13:49:00,72589,1494.0,1494.0,1494.0,1494.0,0.0,119068.0,119068.0
jm2405.DCE,DCE.jm2405,2024-03-29 13:50:00,72590,1493.0,1493.0,1493.0,1493.0,0.0,119111.0,119111.0
jm2405.DCE,DCE.jm2405,2024-03-29 13:51:00,72591,1495.0,1495.0,1495.0,1495.0,0.0,119124.0,119124.0
jm2405.DCE,DCE.jm2405,2024-03-29 13:52:00,72592,1496.5,1496.5,1496.5,1496.5,0.0,119214.0,119214.0
jm2405.DCE,DCE.jm2405,2024-03-29 13:53:00,72593,1499.5,1499.5,1499.5,1499.5,0.0,119296.0,119296.0
jm2405.DCE,DCE.jm2405,2024-03-29 13:54:00,72594,1496.5,1496.5,1496.5,1496.5,0.0,119346.0,119346.0
jm2405.DCE,DCE.jm2405,2024-03-29 13:55:00,72595,1502.0,1502.0,1502.0,1502.0,0.0,119371.0,119371.0
jm2405.DCE,DCE.jm2405,2024-03-29 13:56:00,72596,1503.0,1503.0,1503.0,1503.0,0.0,119283.0,119283.0
jm2405.DCE,DCE.jm2405,2024-03-29 13:57:00,72597,1505.0,1505.0,1505.0,1505.0,0.0,119301.0,119301.0
jm2405.DCE,DCE.jm2405,2024-03-29 13:58:00,72598,1500.5,1500.5,1500.5,1500.5,0.0,119327.0,119327.0
jm2405.DCE,DCE.jm2405,2024-03-29 13:59:00,72599,1501.5,1501.5,1501.5,1501.5,0.0,119375.0,119375.0
jm2405.DCE,DCE.jm2405,2024-03-29 14:00:00,72600,1503.5,1503.5,1503.5,1503.5,0.0,119446.0,119446.0
jm2405.DCE,DCE.jm2405,2024-03-29 14:01:00,72601,1503.0,1503.0,1503.0,1503.0,0.0,119469.0,119469.0
jm2405.DCE,DCE.jm2405,2024-03-29 14:02:00,72602,1505.5,1505.5,1505.5,1505.5,0.0,119458.0,119458.0
jm2405.DCE,DCE.jm2405,2024-03-29 14:03:00,72603,1506.5,1506.5,1506.5,1506.5,0.0,119463.0,119463.0
jm2405.DCE,DCE.jm2405,2024-03-29 14:04:00,72604,1505.0,1505.0,1505.0,1505.0,0.0,119499.0,119499.0
jm2405.DCE,DCE.jm2405,2024-03-29 14:05:00,72605,1506.0,1506.0,1506.0,1506.0,0.0,119505.0,119505.0
jm2405.DCE,DCE.jm2405,2024-03-29 14:06:00,72606,1501.5,1501.5,1501.5,1501.5,0.0,119571.0,119571.0
jm2405.DCE,DCE.jm2405,2024-03-29 14:07:00,72607,1498.5,1498.5,1498.5,1498.5,0.0,119692.0,119692.0
jm2405.DCE,DCE.jm2405,2024-03-29 14:08:00,72608,1499.0,1499.0,1499.0,1499.0,0.0,119712.0,119712.0
jm2405.DCE,DCE.jm2405,2024-03-29 14:09:00,72609,1499.0,1499.0,1499.0,1499.0,0.0,119742.0,119742.0
jm2405.DCE,DCE.jm2405,2024-03-29 14:10:00,72610,1499.0,1499.0,1499.0,1499.0,0.0,119789.0,119789.0
jm2405.DCE,DCE.jm2405,2024-03-29 14:11:00,72611,1498.5,1498.5,1498.5,1498.5,0.0,119929.0,119929.0
jm2405.DCE,DCE.jm2405,2024-03-29 14:12:00,72612,1500.0,1500.0,1500.0,1500.0,0.0,120004.0,120004.0
jm2405.DCE,DCE.jm2405,2024-03-29 14:13:00,72613,1500.0,1500.0,1500.0,1500.0,0.0,120048.0,120048.0
jm2405.DCE,DCE.jm2405,2024-03-29 14:14:00,72614,1499.0,1499.0,1499.0,1499.0,0.0,120184.0,120184.0
jm2405.DCE,DCE.jm2405,2024-03-29 14:15:00,72615,1495.0,1495.0,1495.0,1495.0,0.0,120254.0,120254.0
jm2405.DCE,DCE.jm2405,2024-03-29 14:16:00,72616,1493.0,1493.0,1493.0,1493.0,0.0,120390.0,120390.0
jm2405.DCE,DCE.jm2405,2024-03-29 14:17:00,72617,1492.5,1492.5,1492.5,1492.5,0.0,120642.0,120642.0
jm2405.DCE,DCE.jm2405,2024-03-29 14:18:00,72618,1490.0,1490.0,1490.0,1490.0,0.0,120768.0,120768.0
jm2405.DCE,DCE.jm2405,2024-03-29 14:19:00,72619,1493.0,1493.0,1493.0,1493.0,0.0,121182.0,121182.0
jm2405.DCE,DCE.jm2405,2024-03-29 14:20:00,72620,1486.5,1486.5,1486.5,1486.5,0.0,121654.0,121654.0
jm2405.DCE,DCE.jm2405,2024-03-29 14:21:00,72621,1483.0,1483.0,1483.0,1483.0,0.0,122580.0,122580.0
jm2405.DCE,DCE.jm2405,2024-03-29 14:22:00,72622,1486.5,1486.5,1486.5,1486.5,0.0,122960.0,122960.0
jm2405.DCE,DCE.jm2405,2024-03-29 14:23:00,72623,1487.0,1487.0,1487.0,1487.0,0.0,123034.0,123034.0
jm2405.DCE,DCE.jm2405,2024-03-29 14:24:00,72624,1487.0,1487.0,1487.0,1487.0,0.0,123185.0,123185.0
jm2405.DCE,DCE.jm2405,2024-03-29 14:25:00,72625,1486.5,1486.5,1486.5,1486.5,0.0,123299.0,123299.0
jm2405.DCE,DCE.jm2405,2024-03-29 14:26:00,72626,1489.0,1489.0,1489.0,1489.0,0.0,123286.0,123286.0
jm2405.DCE,DCE.jm2405,2024-03-29 14:27:00,72627,1490.0,1490.0,1490.0,1490.0,0.0,123417.0,123417.0
jm2405.DCE,DCE.jm2405,2024-03-29 14:28:00,72628,1490.5,1490.5,1490.5,1490.5,0.0,123445.0,123445.0
jm2405.DCE,DCE.jm2405,2024-03-29 14:29:00,72629,1488.5,1488.5,1488.5,1488.5,0.0,123462.0,123462.0
jm2405.DCE,DCE.jm2405,2024-03-29 14:30:00,72630,1488.0,1488.0,1488.0,1488.0,0.0,123501.0,123501.0
jm2405.DCE,DCE.jm2405,2024-03-29 14:31:00,72631,1491.5,1491.5,1491.5,1491.5,0.0,123571.0,123571.0
jm2405.DCE,DCE.jm2405,2024-03-29 14:32:00,72632,1490.5,1490.5,1490.5,1490.5,0.0,123621.0,123621.0
jm2405.DCE,DCE.jm2405,2024-03-29 14:33:00,72633,1487.0,1487.0,1487.0,1487.0,0.0,123650.0,123650.0
jm2405.DCE,DCE.jm2405,2024-03-29 14:34:00,72634,1489.0,1489.0,1489.0,1489.0,0.0,123646.0,123646.0
jm2405.DCE,DCE.jm2405,2024-03-29 14:35:00,72635,1483.5,1483.5,1483.5,1483.5,0.0,123749.0,123749.0
jm2405.DCE,DCE.jm2405,2024-03-29 14:36:00,72636,1484.0,1484.0,1484.0,1484.0,0.0,123935.0,123935.0
jm2405.DCE,DCE.jm2405,2024-03-29 14:37:00,72637,1478.0,1478.0,1478.0,1478.0,0.0,124302.0,124302.0
jm2405.DCE,DCE.jm2405,2024-03-29 14:38:00,72638,1484.5,1484.5,1484.5,1484.5,0.0,124474.0,124474.0
jm2405.DCE,DCE.jm2405,2024-03-29 14:39:00,72639,1483.5,1483.5,1483.5,1483.5,0.0,124530.0,124530.0
jm2405.DCE,DCE.jm2405,2024-03-29 14:40:00,72640,1484.0,1484.0,1484.0,1484.0,0.0,124598.0,124598.0
jm2405.DCE,DCE.jm2405,2024-03-29 14:41:00,72641,1481.5,1481.5,1481.5,1481.5,0.0,124661.0,124661.0
jm2405.DCE,DCE.jm2405,2024-03-29 14:42:00,72642,1484.0,1484.0,1484.0,1484.0,0.0,124666.0,124666.0
jm2405.DCE,DCE.jm2405,2024-03-29 14:43:00,72643,1480.0,1480.0,1480.0,1480.0,0.0,124700.0,124700.0
jm2405.DCE,DCE.jm2405,2024-03-29 14:44:00,72644,1477.0,1477.0,1477.0,1477.0,0.0,124817.0,124817.0
jm2405.DCE,DCE.jm2405,2024-03-29 14:45:00,72645,1480.0,1480.0,1480.0,1480.0,0.0,124792.0,124792.0
jm2405.DCE,DCE.jm2405,2024-03-29 14:46:00,72646,1480.0,1480.0,1480.0,1480.0,0.0,124824.0,124824.0
jm2405.DCE,DCE.jm2405,2024-03-29 14:47:00,72647,1481.0,1481.0,1481.0,1481.0,0.0,124966.0,124966.0
jm2405.DCE,DCE.jm2405,2024-03-29 14:48:00,72648,1483.5,1483.5,1483.5,1483.5,0.0,124893.0,124893.0
jm2405.DCE,DCE.jm2405,2024-03-29 14:49:00,72649,1486.0,1486.0,1486.0,1486.0,0.0,124849.0,124849.0
jm2405.DCE,DCE.jm2405,2024-03-29 14:50:00,72650,1484.0,1484.0,1484.0,1484.0,0.0,124872.0,124872.0
jm2405.DCE,DCE.jm2405,2024-03-29 14:51:00,72651,1485.5,1485.5,1485.5,1485.5,0.0,124872.0,124872.0
jm2405.DCE,DCE.jm2405,2024-03-29 14:52:00,72652,1481.0,1481.0,1481.0,1481.0,0.0,124917.0,124917.0
jm2405.DCE,DCE.jm2405,2024-03-29 14:53:00,72653,1484.5,1484.5,1484.5,1484.5,0.0,124920.0,124920.0
jm2405.DCE,DCE.jm2405,2024-03-29 14:54:00,72654,1491.5,1491.5,1491.5,1491.5,0.0,125098.0,125098.0
jm2405.DCE,DCE.jm2405,2024-03-29 14:55:00,72655,1488.0,1488.0,1488.0,1488.0,0.0,125052.0,125052.0
jm2405.DCE,DCE.jm2405,2024-03-29 14:56:00,72656,1489.5,1489.5,1489.5,1489.5,0.0,125152.0,125152.0
jm2405.DCE,DCE.jm2405,2024-03-29 14:57:00,72657,1490.0,1490.0,1490.0,1490.0,0.0,125118.0,125118.0
jm2405.DCE,DCE.jm2405,2024-03-29 14:58:00,72658,1488.5,1488.5,1488.5,1488.5,0.0,125045.0,125045.0
jm2405.DCE,DCE.jm2405,2024-03-29 14:59:00,72659,1488.5,1488.5,1488.5,1488.5,0.0,125014.0,125014.0
jm2405.DCE,DCE.jm2405,2024-03-29 21:00:00,72660,1496.0,1496.0,1496.0,1496.0,0.0,124951.0,124951.0
jm2405.DCE,DCE.jm2405,2024-03-29 21:01:00,72661,1486.5,1486.5,1486.5,1486.5,0.0,123840.0,123840.0
jm2405.DCE,DCE.jm2405,2024-03-29 21:02:00,72662,1486.0,1486.0,1486.0,1486.0,0.0,123478.0,123478.0
jm2405.DCE,DCE.jm2405,2024-03-29 21:03:00,72663,1487.0,1487.0,1487.0,1487.0,0.0,123278.0,123278.0
jm2405.DCE,DCE.jm2405,2024-03-29 21:04:00,72664,1492.0,1492.0,1492.0,1492.0,0.0,123184.0,123184.0
jm2405.DCE,DCE.jm2405,2024-03-29 21:05:00,72665,1489.0,1489.0,1489.0,1489.0,0.0,122993.0,122993.0
jm2405.DCE,DCE.jm2405,2024-03-29 21:06:00,72666,1487.5,1487.5,1487.5,1487.5,0.0,122878.0,122878.0
jm2405.DCE,DCE.jm2405,2024-03-29 21:07:00,72667,1491.0,1491.0,1491.0,1491.0,0.0,122788.0,122788.0
jm2405.DCE,DCE.jm2405,2024-03-29 21:08:00,72668,1490.5,1490.5,1490.5,1490.5,0.0,122697.0,122697.0
jm2405.DCE,DCE.jm2405,2024-03-29 21:09:00,72669,1488.5,1488.5,1488.5,1488.5,0.0,122543.0,122543.0
jm2405.DCE,DCE.jm2405,2024-03-29 21:10:00,72670,1487.5,1487.5,1487.5,1487.5,0.0,122490.0,122490.0
jm2405.DCE,DCE.jm2405,2024-03-29 21:11:00,72671,1487.0,1487.0,1487.0,1487.0,0.0,122481.0,122481.0
jm2405.DCE,DCE.jm2405,2024-03-29 21:12:00,72672,1482.5,1482.5,1482.5,1482.5,0.0,122323.0,122323.0
jm2405.DCE,DCE.jm2405,2024-03-29 21:13:00,72673,1483.5,1483.5,1483.5,1483.5,0.0,122301.0,122301.0
jm2405.DCE,DCE.jm2405,2024-03-29 21:14:00,72674,1480.5,1480.5,1480.5,1480.5,0.0,122308.0,122308.0
jm2405.DCE,DCE.jm2405,2024-03-29 21:15:00,72675,1479.0,1479.0,1479.0,1479.0,0.0,122228.0,122228.0
jm2405.DCE,DCE.jm2405,2024-03-29 21:16:00,72676,1482.5,1482.5,1482.5,1482.5,0.0,122031.0,122031.0
jm2405.DCE,DCE.jm2405,2024-03-29 21:17:00,72677,1478.0,1478.0,1478.0,1478.0,0.0,122061.0,122061.0
jm2405.DCE,DCE.jm2405,2024-03-29 21:18:00,72678,1473.0,1473.0,1473.0,1473.0,0.0,121937.0,121937.0
jm2405.DCE,DCE.jm2405,2024-03-29 21:19:00,72679,1475.5,1475.5,1475.5,1475.5,0.0,121783.0,121783.0
jm2405.DCE,DCE.jm2405,2024-03-29 21:20:00,72680,1477.5,1477.5,1477.5,1477.5,0.0,121696.0,121696.0
jm2405.DCE,DCE.jm2405,2024-03-29 21:21:00,72681,1479.5,1479.5,1479.5,1479.5,0.0,121646.0,121646.0
jm2405.DCE,DCE.jm2405,2024-03-29 21:22:00,72682,1479.0,1479.0,1479.0,1479.0,0.0,121485.0,121485.0
jm2405.DCE,DCE.jm2405,2024-03-29 21:23:00,72683,1478.0,1478.0,1478.0,1478.0,0.0,121277.0,121277.0
jm2405.DCE,DCE.jm2405,2024-03-29 21:24:00,72684,1477.5,1477.5,1477.5,1477.5,0.0,121274.0,121274.0
jm2405.DCE,DCE.jm2405,2024-03-29 21:25:00,72685,1481.5,1481.5,1481.5,1481.5,0.0,121134.0,121134.0
jm2405.DCE,DCE.jm2405,2024-03-29 21:26:00,72686,1485.0,1485.0,1485.0,1485.0,0.0,120874.0,120874.0
jm2405.DCE,DCE.jm2405,2024-03-29 21:27:00,72687,1485.5,1485.5,1485.5,1485.5,0.0,120571.0,120571.0
jm2405.DCE,DCE.jm2405,2024-03-29 21:28:00,72688,1489.0,1489.0,1489.0,1489.0,0.0,120466.0,120466.0
jm2405.DCE,DCE.jm2405,2024-03-29 21:29:00,72689,1486.0,1486.0,1486.0,1486.0,0.0,120373.0,120373.0
jm2405.DCE,DCE.jm2405,2024-03-29 21:30:00,72690,1486.5,1486.5,1486.5,1486.5,0.0,120247.0,120247.0
jm2405.DCE,DCE.jm2405,2024-03-29 21:31:00,72691,1486.5,1486.5,1486.5,1486.5,0.0,120188.0,120188.0
jm2405.DCE,DCE.jm2405,2024-03-29 21:32:00,72692,1491.0,1491.0,1491.0,1491.0,0.0,119969.0,119969.0
jm2405.DCE,DCE.jm2405,2024-03-29 21:33:00,72693,1488.5,1488.5,1488.5,1488.5,0.0,119861.0,119861.0
jm2405.DCE,DCE.jm2405,2024-03-29 21:34:00,72694,1488.0,1488.0,1488.0,1488.0,0.0,119894.0,119894.0
jm2405.DCE,DCE.jm2405,2024-03-29 21:35:00,72695,1487.0,1487.0,1487.0,1487.0,0.0,119880.0,119880.0
jm2405.DCE,DCE.jm2405,2024-03-29 21:36:00,72696,1484.5,1484.5,1484.5,1484.5,0.0,119838.0,119838.0
jm2405.DCE,DCE.jm2405,2024-03-29 21:37:00,72697,1484.5,1484.5,1484.5,1484.5,0.0,119817.0,119817.0
jm2405.DCE,DCE.jm2405,2024-03-29 21:38:00,72698,1485.0,1485.0,1485.0,1485.0,0.0,119805.0,119805.0
jm2405.DCE,DCE.jm2405,2024-03-29 21:39:00,72699,1484.0,1484.0,1484.0,1484.0,0.0,119754.0,119754.0
jm2405.DCE,DCE.jm2405,2024-03-29 21:40:00,72700,1483.5,1483.5,1483.5,1483.5,0.0,119707.0,119707.0
jm2405.DCE,DCE.jm2405,2024-03-29 21:41:00,72701,1485.5,1485.5,1485.5,1485.5,0.0,119658.0,119658.0
jm2405.DCE,DCE.jm2405,2024-03-29 21:42:00,72702,1484.5,1484.5,1484.5,1484.5,0.0,119627.0,119627.0
jm2405.DCE,DCE.jm2405,2024-03-29 21:43:00,72703,1483.5,1483.5,1483.5,1483.5,0.0,119584.0,119584.0
jm2405.DCE,DCE.jm2405,2024-03-29 21:44:00,72704,1485.5,1485.5,1485.5,1485.5,0.0,119407.0,119407.0
jm2405.DCE,DCE.jm2405,2024-03-29 21:45:00,72705,1485.0,1485.0,1485.0,1485.0,0.0,119260.0,119260.0
jm2405.DCE,DCE.jm2405,2024-03-29 21:46:00,72706,1486.0,1486.0,1486.0,1486.0,0.0,119211.0,119211.0
jm2405.DCE,DCE.jm2405,2024-03-29 21:47:00,72707,1483.5,1483.5,1483.5,1483.5,0.0,119163.0,119163.0
jm2405.DCE,DCE.jm2405,2024-03-29 21:48:00,72708,1484.5,1484.5,1484.5,1484.5,0.0,119081.0,119081.0
jm2405.DCE,DCE.jm2405,2024-03-29 21:49:00,72709,1485.0,1485.0,1485.0,1485.0,0.0,119084.0,119084.0
jm2405.DCE,DCE.jm2405,2024-03-29 21:50:00,72710,1485.0,1485.0,1485.0,1485.0,0.0,119076.0,119076.0
jm2405.DCE,DCE.jm2405,2024-03-29 21:51:00,72711,1485.5,1485.5,1485.5,1485.5,0.0,119038.0,119038.0
jm2405.DCE,DCE.jm2405,2024-03-29 21:52:00,72712,1488.5,1488.5,1488.5,1488.5,0.0,118941.0,118941.0
jm2405.DCE,DCE.jm2405,2024-03-29 21:53:00,72713,1487.0,1487.0,1487.0,1487.0,0.0,118878.0,118878.0
jm2405.DCE,DCE.jm2405,2024-03-29 21:54:00,72714,1483.5,1483.5,1483.5,1483.5,0.0,118842.0,118842.0
jm2405.DCE,DCE.jm2405,2024-03-29 21:55:00,72715,1485.0,1485.0,1485.0,1485.0,0.0,118792.0,118792.0
jm2405.DCE,DCE.jm2405,2024-03-29 21:56:00,72716,1483.5,1483.5,1483.5,1483.5,0.0,118722.0,118722.0
jm2405.DCE,DCE.jm2405,2024-03-29 21:57:00,72717,1483.5,1483.5,1483.5,1483.5,0.0,118728.0,118728.0
jm2405.DCE,DCE.jm2405,2024-03-29 21:58:00,72718,1485.5,1485.5,1485.5,1485.5,0.0,118713.0,118713.0
jm2405.DCE,DCE.jm2405,2024-03-29 21:59:00,72719,1484.5,1484.5,1484.5,1484.5,0.0,118712.0,118712.0
jm2405.DCE,DCE.jm2405,2024-03-29 22:00:00,72720,1481.5,1481.5,1481.5,1481.5,0.0,118643.0,118643.0
jm2405.DCE,DCE.jm2405,2024-03-29 22:01:00,72721,1480.5,1480.5,1480.5,1480.5,0.0,118631.0,118631.0
jm2405.DCE,DCE.jm2405,2024-03-29 22:02:00,72722,1480.5,1480.5,1480.5,1480.5,0.0,118608.0,118608.0
jm2405.DCE,DCE.jm2405,2024-03-29 22:03:00,72723,1480.5,1480.5,1480.5,1480.5,0.0,118585.0,118585.0
jm2405.DCE,DCE.jm2405,2024-03-29 22:04:00,72724,1482.0,1482.0,1482.0,1482.0,0.0,118570.0,118570.0
jm2405.DCE,DCE.jm2405,2024-03-29 22:05:00,72725,1481.5,1481.5,1481.5,1481.5,0.0,118532.0,118532.0
jm2405.DCE,DCE.jm2405,2024-03-29 22:06:00,72726,1482.0,1482.0,1482.0,1482.0,0.0,118531.0,118531.0
jm2405.DCE,DCE.jm2405,2024-03-29 22:07:00,72727,1482.5,1482.5,1482.5,1482.5,0.0,118482.0,118482.0
jm2405.DCE,DCE.jm2405,2024-03-29 22:08:00,72728,1482.5,1482.5,1482.5,1482.5,0.0,118470.0,118470.0
jm2405.DCE,DCE.jm2405,2024-03-29 22:09:00,72729,1482.0,1482.0,1482.0,1482.0,0.0,118470.0,118470.0
jm2405.DCE,DCE.jm2405,2024-03-29 22:10:00,72730,1481.0,1481.0,1481.0,1481.0,0.0,118471.0,118471.0
jm2405.DCE,DCE.jm2405,2024-03-29 22:11:00,72731,1484.5,1484.5,1484.5,1484.5,0.0,118437.0,118437.0
jm2405.DCE,DCE.jm2405,2024-03-29 22:12:00,72732,1483.5,1483.5,1483.5,1483.5,0.0,118356.0,118356.0
jm2405.DCE,DCE.jm2405,2024-03-29 22:13:00,72733,1480.0,1480.0,1480.0,1480.0,0.0,118334.0,118334.0
jm2405.DCE,DCE.jm2405,2024-03-29 22:14:00,72734,1480.0,1480.0,1480.0,1480.0,0.0,118355.0,118355.0
jm2405.DCE,DCE.jm2405,2024-03-29 22:15:00,72735,1480.0,1480.0,1480.0,1480.0,0.0,118349.0,118349.0
jm2405.DCE,DCE.jm2405,2024-03-29 22:16:00,72736,1480.5,1480.5,1480.5,1480.5,0.0,118307.0,118307.0
jm2405.DCE,DCE.jm2405,2024-03-29 22:17:00,72737,1482.0,1482.0,1482.0,1482.0,0.0,118302.0,118302.0
jm2405.DCE,DCE.jm2405,2024-03-29 22:18:00,72738,1481.5,1481.5,1481.5,1481.5,0.0,118300.0,118300.0
jm2405.DCE,DCE.jm2405,2024-03-29 22:19:00,72739,1478.0,1478.0,1478.0,1478.0,0.0,118258.0,118258.0
jm2405.DCE,DCE.jm2405,2024-03-29 22:20:00,72740,1479.0,1479.0,1479.0,1479.0,0.0,118253.0,118253.0
jm2405.DCE,DCE.jm2405,2024-03-29 22:21:00,72741,1478.0,1478.0,1478.0,1478.0,0.0,118253.0,118253.0
jm2405.DCE,DCE.jm2405,2024-03-29 22:22:00,72742,1475.5,1475.5,1475.5,1475.5,0.0,118291.0,118291.0
jm2405.DCE,DCE.jm2405,2024-03-29 22:23:00,72743,1478.0,1478.0,1478.0,1478.0,0.0,118318.0,118318.0
jm2405.DCE,DCE.jm2405,2024-03-29 22:24:00,72744,1478.0,1478.0,1478.0,1478.0,0.0,118259.0,118259.0
jm2405.DCE,DCE.jm2405,2024-03-29 22:25:00,72745,1476.0,1476.0,1476.0,1476.0,0.0,118172.0,118172.0
jm2405.DCE,DCE.jm2405,2024-03-29 22:26:00,72746,1476.0,1476.0,1476.0,1476.0,0.0,118176.0,118176.0
jm2405.DCE,DCE.jm2405,2024-03-29 22:27:00,72747,1475.0,1475.0,1475.0,1475.0,0.0,118188.0,118188.0
jm2405.DCE,DCE.jm2405,2024-03-29 22:28:00,72748,1477.0,1477.0,1477.0,1477.0,0.0,118194.0,118194.0
jm2405.DCE,DCE.jm2405,2024-03-29 22:29:00,72749,1475.5,1475.5,1475.5,1475.5,0.0,118195.0,118195.0
jm2405.DCE,DCE.jm2405,2024-03-29 22:30:00,72750,1475.0,1475.0,1475.0,1475.0,0.0,118135.0,118135.0
jm2405.DCE,DCE.jm2405,2024-03-29 22:31:00,72751,1474.5,1474.5,1474.5,1474.5,0.0,118097.0,118097.0
jm2405.DCE,DCE.jm2405,2024-03-29 22:32:00,72752,1475.0,1475.0,1475.0,1475.0,0.0,118051.0,118051.0
jm2405.DCE,DCE.jm2405,2024-03-29 22:33:00,72753,1473.0,1473.0,1473.0,1473.0,0.0,118037.0,118037.0
jm2405.DCE,DCE.jm2405,2024-03-29 22:34:00,72754,1473.5,1473.5,1473.5,1473.5,0.0,118031.0,118031.0
jm2405.DCE,DCE.jm2405,2024-03-29 22:35:00,72755,1470.0,1470.0,1470.0,1470.0,0.0,117748.0,117748.0
jm2405.DCE,DCE.jm2405,2024-03-29 22:36:00,72756,1472.0,1472.0,1472.0,1472.0,0.0,117585.0,117585.0
jm2405.DCE,DCE.jm2405,2024-03-29 22:37:00,72757,1470.0,1470.0,1470.0,1470.0,0.0,117650.0,117650.0
jm2405.DCE,DCE.jm2405,2024-03-29 22:38:00,72758,1470.0,1470.0,1470.0,1470.0,0.0,117706.0,117706.0
jm2405.DCE,DCE.jm2405,2024-03-29 22:39:00,72759,1467.0,1467.0,1467.0,1467.0,0.0,117771.0,117771.0
jm2405.DCE,DCE.jm2405,2024-03-29 22:40:00,72760,1468.5,1468.5,1468.5,1468.5,0.0,117881.0,117881.0
jm2405.DCE,DCE.jm2405,2024-03-29 22:41:00,72761,1464.0,1464.0,1464.0,1464.0,0.0,117763.0,117763.0
jm2405.DCE,DCE.jm2405,2024-03-29 22:42:00,72762,1466.0,1466.0,1466.0,1466.0,0.0,117827.0,117827.0
jm2405.DCE,DCE.jm2405,2024-03-29 22:43:00,72763,1471.5,1471.5,1471.5,1471.5,0.0,117490.0,117490.0
jm2405.DCE,DCE.jm2405,2024-03-29 22:44:00,72764,1472.0,1472.0,1472.0,1472.0,0.0,117163.0,117163.0
jm2405.DCE,DCE.jm2405,2024-03-29 22:45:00,72765,1469.5,1469.5,1469.5,1469.5,0.0,117072.0,117072.0
jm2405.DCE,DCE.jm2405,2024-03-29 22:46:00,72766,1473.0,1473.0,1473.0,1473.0,0.0,116943.0,116943.0
jm2405.DCE,DCE.jm2405,2024-03-29 22:47:00,72767,1472.0,1472.0,1472.0,1472.0,0.0,116632.0,116632.0
jm2405.DCE,DCE.jm2405,2024-03-29 22:48:00,72768,1470.5,1470.5,1470.5,1470.5,0.0,116625.0,116625.0
jm2405.DCE,DCE.jm2405,2024-03-29 22:49:00,72769,1471.0,1471.0,1471.0,1471.0,0.0,116654.0,116654.0
jm2405.DCE,DCE.jm2405,2024-03-29 22:50:00,72770,1470.0,1470.0,1470.0,1470.0,0.0,116675.0,116675.0
jm2405.DCE,DCE.jm2405,2024-03-29 22:51:00,72771,1470.0,1470.0,1470.0,1470.0,0.0,116692.0,116692.0
jm2405.DCE,DCE.jm2405,2024-03-29 22:52:00,72772,1469.0,1469.0,1469.0,1469.0,0.0,116701.0,116701.0
jm2405.DCE,DCE.jm2405,2024-03-29 22:53:00,72773,1467.0,1467.0,1467.0,1467.0,0.0,116687.0,116687.0
jm2405.DCE,DCE.jm2405,2024-03-29 22:54:00,72774,1465.0,1465.0,1465.0,1465.0,0.0,116624.0,116624.0
jm2405.DCE,DCE.jm2405,2024-03-29 22:55:00,72775,1466.0,1466.0,1466.0,1466.0,0.0,116697.0,116697.0
jm2405.DCE,DCE.jm2405,2024-03-29 22:56:00,72776,1464.5,1464.5,1464.5,1464.5,0.0,116721.0,116721.0
jm2405.DCE,DCE.jm2405,2024-03-29 22:57:00,72777,1460.5,1460.5,1460.5,1460.5,0.0,116696.0,116696.0
jm2405.DCE,DCE.jm2405,2024-03-29 22:58:00,72778,1463.0,1463.0,1463.0,1463.0,0.0,116603.0,116603.0
jm2405.DCE,DCE.jm2405,2024-03-29 22:59:00,72779,1457.0,1457.0,1457.0,1457.0,0.0,116404.0,116404.0
