variant,label,profile,window_name,window_label,window_group,analysis_start,analysis_end,account_capital,c3_capital,risk_multiplier,trading_days,end_equity,total_return_pct,cagr_pct,max_dd_pct,ulcer_pct,sharpe,min_equity,max_broker10_margin_to_equity_pct,p95_broker10_margin_to_equity_pct,days_over_100pct,days_over_90pct,days_equity_below_zero,total_slippage,total_trade_count,nonzero_daily_win_rate_pct,forced_margin_deleverage_count,forced_margin_deleverage_closed_volume,dd30_pass,dd40_pass,broker10_100_pass,account_survival_pass,deployable_pass,source_name,rebased_end_equity,rebased_total_return_pct,rebased_cagr_pct,rebased_max_dd_pct,rebased_sharpe,rebased_min_equity,max_broker10_margin_to_rebased_equity_pct,p95_broker10_margin_to_rebased_equity_pct,nav_end,oi_mode,am_label,declared_am_size,note,requested_start_month,start_month,start_year,start_month_num,positive_return,mature_63d,mature_126d,mature_252d,dd40_fail,dd50_fail,arm,experiment_arm,requested_top_n,actual_ranked_count,actual_total_count,source_experiment_arm,window_id,duration_years,requested_start,requested_end,complete_window,terminal_near_complete,promotion_arm
stage061_reference_stage037_top8_plus_fu,A: 正式Stage037 Top8+fu（9品种）,stage063_A_formal_stage037_top8_plus_fu,full_2018_20260828,2018-01-01 independent start to 2026-08-28,full_period,2018-01-02,2026-08-28,150000.0,150000.0,0.4,2101,16859940.60000001,11139.960400000004,72.59911152311295,-39.91474607744346,16.301203175282364,1.5388212007263535,122871.30000000005,93.58070146346672,57.6021168434129,0,1,0,1659555.0,734.0,53.23101777059773,0,0.0,0,1,1,1,1,stage772_am40_80_120_oi_monthly,16859940.60000001,11139.960400000004,72.59911152311295,-39.91474607744346,1.5388212007263535,122871.30000000005,93.58070146346672,57.6021168434129,112.39960400000004,,,,,2018-01,2018-01,2018,1,1,1,1,1,0,0,A,A,8.0,8.0,9.0,REF,full_2018_20260828,0,2018-01-01,2026-08-28,1,0,A
stage062_top9_plus_fu,B: Top9+fu（10品种）,stage063_B_stage062_top9_plus_fu,full_2018_20260828,2018-01-01 independent start to 2026-08-28,full_period,2018-01-02,2026-08-28,150000.0,150000.0,0.4,2101,16871625.400000013,11147.750266666677,72.61293361829222,-39.91474607744346,17.550467921430304,1.517585618225372,122871.30000000005,93.58070146346672,58.52002780311491,0,1,0,1762115.0,766.0,53.36500395882818,0,0.0,0,1,1,1,1,stage772_am40_80_120_oi_monthly,16871625.400000013,11147.750266666677,72.61293361829222,-39.91474607744346,1.517585618225372,122871.30000000005,93.58070146346672,58.52002780311491,112.47750266666677,,,,,2018-01,2018-01,2018,1,1,1,1,1,0,0,B,B,9.0,9.0,10.0,T9,full_2018_20260828,0,2018-01-01,2026-08-28,1,0,B
stage061_top10_plus_fu,C: Top10+fu（11品种）,stage063_C_stage061_top10_plus_fu,full_2018_20260828,2018-01-01 independent start to 2026-08-28,full_period,2018-01-02,2026-08-28,150000.0,150000.0,0.4,2101,21870488.800000016,14480.325866666675,77.86888964300908,-39.91474607744346,17.030571618729674,1.5869759009775053,122871.30000000005,93.58070146346672,60.66570684958133,0,2,0,2163390.0,798.0,53.734756097560975,0,0.0,0,1,1,1,1,stage772_am40_80_120_oi_monthly,21870488.800000016,14480.325866666675,77.86888964300908,-39.91474607744346,1.5869759009775053,122871.30000000005,93.58070146346672,60.66570684958133,145.80325866666678,,,,,2018-01,2018-01,2018,1,1,1,1,1,0,0,C,C,10.0,10.0,11.0,T10,full_2018_20260828,0,2018-01-01,2026-08-28,1,0,C
stage059_A_roll_1y_2018_01,A: Stage037 Top8+fu（9品种）,stage059_A_roll_1y_2018_01,roll_1y_2018_01,2018-01-01 independent start to 2018-12-31,rolling_1y,2018-01-02,2018-12-28,150000.0,150000.0,0.4,243,148315.40000000002,-1.12306666666665,-1.139351066630634,-11.7641189383357,6.765657837450268,0.0008264462576202,132644.99999999997,44.93479301676245,26.669804645055653,0,0,0,2420.0,44.0,43.05555555555556,0,0.0,1,1,1,1,1,stage772_am40_80_120_oi_monthly,148315.40000000002,-1.12306666666665,-1.139351066630634,-11.7641189383357,0.0008264462576202,132644.99999999997,44.93479301676245,26.669804645055653,0.9887693333333336,,,,,2018-01,2018-01,2018,1,0,1,1,0,0,0,stage059_A_roll_1y_2018_01,A,,,,,roll_1y_2018_01,1,2018-01-01,2018-12-31,1,0,A
stage063_B_roll_1y_2018_01,B: Top9+fu（10品种）,stage063_B_roll_1y_2018_01,roll_1y_2018_01,2018-01-01 independent start to 2018-12-31,rolling_1y,2018-01-02,2018-12-28,150000.0,150000.0,0.4,243,148315.40000000002,-1.12306666666665,-1.139351066630634,-11.764118938335699,6.765657837450268,0.0008264462576202984,132644.99999999997,44.93479301676245,26.669804645055653,0,0,0,2420.0,44.0,43.05555555555556,0,0.0,1,1,1,1,1,stage772_am40_80_120_oi_monthly,148315.40000000002,-1.12306666666665,-1.139351066630634,-11.764118938335699,0.0008264462576202984,132644.99999999997,44.93479301676245,26.669804645055653,0.9887693333333335,,,,,2018-01,2018-01,2018,1,0,1,1,0,0,0,B,B,9.0,,,,roll_1y_2018_01,1,2018-01-01,2018-12-31,1,0,B
stage063_C_roll_1y_2018_01,C: Top10+fu（11品种）,stage063_C_roll_1y_2018_01,roll_1y_2018_01,2018-01-01 independent start to 2018-12-31,rolling_1y,2018-01-02,2018-12-28,150000.0,150000.0,0.4,243,148315.40000000002,-1.12306666666665,-1.139351066630634,-11.764118938335699,6.765657837450268,0.0008264462576202984,132644.99999999997,44.93479301676245,26.669804645055653,0,0,0,2420.0,44.0,43.05555555555556,0,0.0,1,1,1,1,1,stage772_am40_80_120_oi_monthly,148315.40000000002,-1.12306666666665,-1.139351066630634,-11.764118938335699,0.0008264462576202984,132644.99999999997,44.93479301676245,26.669804645055653,0.9887693333333335,,,,,2018-01,2018-01,2018,1,0,1,1,0,0,0,C,C,10.0,,,,roll_1y_2018_01,1,2018-01-01,2018-12-31,1,0,C
stage059_A_roll_1y_2018_06,A: Stage037 Top8+fu（9品种）,stage059_A_roll_1y_2018_06,roll_1y_2018_06,2018-06-01 independent start to 2019-05-31,rolling_1y,2018-06-01,2019-05-31,150000.0,150000.0,0.4,243,149012.00000000006,-0.6586666666666297,-0.6609210802321797,-13.684196958129904,7.051422604205314,0.0713011053422187,146450.0,61.44244219067447,30.78070132720386,0,0,0,4310.0,62.0,46.590909090909086,0,0.0,1,1,1,1,1,stage772_am40_80_120_oi_monthly,149012.00000000006,-0.6586666666666297,-0.6609210802321797,-13.684196958129904,0.0713011053422187,146450.0,61.44244219067447,30.78070132720386,0.9934133333333336,,,,,2018-06,2018-06,2018,6,0,1,1,0,0,0,stage059_A_roll_1y_2018_06,A,,,,,roll_1y_2018_06,1,2018-06-01,2019-05-31,1,0,A
stage063_B_roll_1y_2018_06,B: Top9+fu（10品种）,stage063_B_roll_1y_2018_06,roll_1y_2018_06,2018-06-01 independent start to 2019-05-31,rolling_1y,2018-06-01,2019-05-31,150000.0,150000.0,0.4,243,149012.00000000006,-0.6586666666666297,-0.6609210802321797,-13.684196958129903,7.051422604205314,0.07130110534221878,146450.0,61.44244219067447,30.78070132720386,0,0,0,4310.0,62.0,46.590909090909086,0,0.0,1,1,1,1,1,stage772_am40_80_120_oi_monthly,149012.00000000006,-0.6586666666666297,-0.6609210802321797,-13.684196958129903,0.07130110534221878,146450.0,61.44244219067447,30.78070132720386,0.9934133333333337,,,,,2018-06,2018-06,2018,6,0,1,1,0,0,0,B,B,9.0,,,,roll_1y_2018_06,1,2018-06-01,2019-05-31,1,0,B
stage063_C_roll_1y_2018_06,C: Top10+fu（11品种）,stage063_C_roll_1y_2018_06,roll_1y_2018_06,2018-06-01 independent start to 2019-05-31,rolling_1y,2018-06-01,2019-05-31,150000.0,150000.0,0.4,243,149012.00000000006,-0.6586666666666297,-0.6609210802321797,-13.684196958129903,7.051422604205314,0.07130110534221878,146450.0,61.44244219067447,30.78070132720386,0,0,0,4310.0,62.0,46.590909090909086,0,0.0,1,1,1,1,1,stage772_am40_80_120_oi_monthly,149012.00000000006,-0.6586666666666297,-0.6609210802321797,-13.684196958129903,0.07130110534221878,146450.0,61.44244219067447,30.78070132720386,0.9934133333333337,,,,,2018-06,2018-06,2018,6,0,1,1,0,0,0,C,C,10.0,,,,roll_1y_2018_06,1,2018-06-01,2019-05-31,1,0,C
stage059_A_roll_1y_2019_01,A: Stage037 Top8+fu（9品种）,stage059_A_roll_1y_2019_01,roll_1y_2019_01,2019-01-01 independent start to 2019-12-31,rolling_1y,2019-01-02,2019-12-31,150000.0,150000.0,0.4,244,210937.10000000003,40.62473333333336,40.92221144078625,-18.865747749183328,8.642587491794853,1.4010629950169278,127289.50000000004,71.33349833757407,54.50443874099412,0,0,0,7580.0,86.0,51.63934426229508,0,0.0,1,1,1,1,1,stage772_am40_80_120_oi_monthly,210937.10000000003,40.62473333333336,40.92221144078625,-18.865747749183328,1.4010629950169278,127289.50000000004,71.33349833757407,54.50443874099412,1.4062473333333336,,,,,2019-01,2019-01,2019,1,1,1,1,0,0,0,stage059_A_roll_1y_2019_01,A,,,,,roll_1y_2019_01,1,2019-01-01,2019-12-31,1,0,A
stage063_B_roll_1y_2019_01,B: Top9+fu（10品种）,stage063_B_roll_1y_2019_01,roll_1y_2019_01,2019-01-01 independent start to 2019-12-31,rolling_1y,2019-01-02,2019-12-31,150000.0,150000.0,0.4,244,210937.10000000003,40.62473333333336,40.92221144078625,-18.865747749183328,8.642587491794853,1.4010629950169278,127289.50000000003,71.33349833757407,54.50443874099412,0,0,0,7580.0,86.0,51.63934426229508,0,0.0,1,1,1,1,1,stage772_am40_80_120_oi_monthly,210937.10000000003,40.62473333333336,40.92221144078625,-18.865747749183328,1.4010629950169278,127289.50000000003,71.33349833757407,54.50443874099412,1.4062473333333336,,,,,2019-01,2019-01,2019,1,1,1,1,0,0,0,B,B,9.0,,,,roll_1y_2019_01,1,2019-01-01,2019-12-31,1,0,B
stage063_C_roll_1y_2019_01,C: Top10+fu（11品种）,stage063_C_roll_1y_2019_01,roll_1y_2019_01,2019-01-01 independent start to 2019-12-31,rolling_1y,2019-01-02,2019-12-31,150000.0,150000.0,0.4,244,210937.10000000003,40.62473333333336,40.92221144078625,-18.865747749183328,8.642587491794853,1.4010629950169278,127289.50000000003,71.33349833757407,54.50443874099412,0,0,0,7580.0,86.0,51.63934426229508,0,0.0,1,1,1,1,1,stage772_am40_80_120_oi_monthly,210937.10000000003,40.62473333333336,40.92221144078625,-18.865747749183328,1.4010629950169278,127289.50000000003,71.33349833757407,54.50443874099412,1.4062473333333336,,,,,2019-01,2019-01,2019,1,1,1,1,0,0,0,C,C,10.0,,,,roll_1y_2019_01,1,2019-01-01,2019-12-31,1,0,C
stage059_A_roll_1y_2019_06,A: Stage037 Top8+fu（9品种）,stage059_A_roll_1y_2019_06,roll_1y_2019_06,2019-06-01 independent start to 2020-05-31,rolling_1y,2019-06-03,2020-05-29,150000.0,150000.0,0.4,242,269487.0,79.658,80.90148114502014,-11.699460609283596,3.9583292423693384,2.3730916927964665,141329.0,61.084975387132424,52.91624841989027,0,0,0,9070.0,87.0,56.68789808917197,0,0.0,1,1,1,1,1,stage772_am40_80_120_oi_monthly,269487.0,79.658,80.90148114502014,-11.699460609283596,2.3730916927964665,141329.0,61.084975387132424,52.91624841989027,1.79658,,,,,2019-06,2019-06,2019,6,1,1,1,0,0,0,stage059_A_roll_1y_2019_06,A,,,,,roll_1y_2019_06,1,2019-06-01,2020-05-31,1,0,A
stage063_B_roll_1y_2019_06,B: Top9+fu（10品种）,stage063_B_roll_1y_2019_06,roll_1y_2019_06,2019-06-01 independent start to 2020-05-31,rolling_1y,2019-06-03,2020-05-29,150000.0,150000.0,0.4,242,269487.0,79.658,80.90148114502014,-11.699460609283596,3.9583292423693384,2.3730916927964665,141329.0,61.084975387132424,52.91624841989027,0,0,0,9070.0,87.0,56.68789808917197,0,0.0,1,1,1,1,1,stage772_am40_80_120_oi_monthly,269487.0,79.658,80.90148114502014,-11.699460609283596,2.3730916927964665,141329.0,61.084975387132424,52.91624841989027,1.79658,,,,,2019-06,2019-06,2019,6,1,1,1,0,0,0,B,B,9.0,,,,roll_1y_2019_06,1,2019-06-01,2020-05-31,1,0,B
stage063_C_roll_1y_2019_06,C: Top10+fu（11品种）,stage063_C_roll_1y_2019_06,roll_1y_2019_06,2019-06-01 independent start to 2020-05-31,rolling_1y,2019-06-03,2020-05-29,150000.0,150000.0,0.4,242,269487.0,79.658,80.90148114502014,-11.699460609283596,3.9583292423693384,2.3730916927964665,141329.0,61.084975387132424,52.91624841989027,0,0,0,9070.0,87.0,56.68789808917197,0,0.0,1,1,1,1,1,stage772_am40_80_120_oi_monthly,269487.0,79.658,80.90148114502014,-11.699460609283596,2.3730916927964665,141329.0,61.084975387132424,52.91624841989027,1.79658,,,,,2019-06,2019-06,2019,6,1,1,1,0,0,0,C,C,10.0,,,,roll_1y_2019_06,1,2019-06-01,2020-05-31,1,0,C
stage059_A_roll_1y_2020_01,A: Stage037 Top8+fu（9品种）,stage059_A_roll_1y_2020_01,roll_1y_2020_01,2020-01-01 independent start to 2020-12-31,rolling_1y,2020-01-02,2020-12-31,150000.0,150000.0,0.4,243,312411.60000000003,108.27440000000004,108.79981458913072,-22.705683780813313,6.739884400536845,2.203707624951805,141520.0,68.63524050379348,58.21032629160774,0,0,0,12600.0,117.0,55.83756345177665,0,0.0,1,1,1,1,1,stage772_am40_80_120_oi_monthly,312411.60000000003,108.27440000000004,108.79981458913072,-22.705683780813313,2.203707624951805,141520.0,68.63524050379348,58.21032629160774,2.0827440000000004,,,,,2020-01,2020-01,2020,1,1,1,1,0,0,0,stage059_A_roll_1y_2020_01,A,,,,,roll_1y_2020_01,1,2020-01-01,2020-12-31,1,0,A
stage063_B_roll_1y_2020_01,B: Top9+fu（10品种）,stage063_B_roll_1y_2020_01,roll_1y_2020_01,2020-01-01 independent start to 2020-12-31,rolling_1y,2020-01-02,2020-12-31,150000.0,150000.0,0.4,243,312411.60000000003,108.27440000000004,108.79981458913073,-22.705683780813313,6.739884400536845,2.203707624951805,141520.0,68.63524050379348,58.21032629160774,0,0,0,12600.0,117.0,55.83756345177665,0,0.0,1,1,1,1,1,stage772_am40_80_120_oi_monthly,312411.60000000003,108.27440000000004,108.79981458913073,-22.705683780813313,2.203707624951805,141520.0,68.63524050379348,58.21032629160774,2.0827440000000004,,,,,2020-01,2020-01,2020,1,1,1,1,0,0,0,B,B,9.0,,,,roll_1y_2020_01,1,2020-01-01,2020-12-31,1,0,B
stage063_C_roll_1y_2020_01,C: Top10+fu（11品种）,stage063_C_roll_1y_2020_01,roll_1y_2020_01,2020-01-01 independent start to 2020-12-31,rolling_1y,2020-01-02,2020-12-31,150000.0,150000.0,0.4,243,312411.60000000003,108.27440000000004,108.79981458913073,-22.705683780813313,6.739884400536845,2.203707624951805,141520.0,68.63524050379348,58.21032629160774,0,0,0,12600.0,117.0,55.83756345177665,0,0.0,1,1,1,1,1,stage772_am40_80_120_oi_monthly,312411.60000000003,108.27440000000004,108.79981458913073,-22.705683780813313,2.203707624951805,141520.0,68.63524050379348,58.21032629160774,2.0827440000000004,,,,,2020-01,2020-01,2020,1,1,1,1,0,0,0,C,C,10.0,,,,roll_1y_2020_01,1,2020-01-01,2020-12-31,1,0,C
stage059_A_roll_1y_2020_06,A: Stage037 Top8+fu（9品种）,stage059_A_roll_1y_2020_06,roll_1y_2020_06,2020-06-01 independent start to 2021-05-31,rolling_1y,2020-06-01,2021-05-31,150000.0,150000.0,0.4,243,970177.9,546.7852666666666,550.945039932719,-22.405934099204416,8.602341615726822,3.6456258457371304,146400.0,70.92462190994388,63.157238962676125,0,0,0,19680.0,124.0,59.70873786407766,0,0.0,1,1,1,1,1,stage772_am40_80_120_oi_monthly,970177.9,546.7852666666666,550.945039932719,-22.405934099204416,3.6456258457371304,146400.0,70.92462190994388,63.157238962676125,6.4678526666666665,,,,,2020-06,2020-06,2020,6,1,1,1,0,0,0,stage059_A_roll_1y_2020_06,A,,,,,roll_1y_2020_06,1,2020-06-01,2021-05-31,1,0,A
stage063_B_roll_1y_2020_06,B: Top9+fu（10品种）,stage063_B_roll_1y_2020_06,roll_1y_2020_06,2020-06-01 independent start to 2021-05-31,rolling_1y,2020-06-01,2021-05-31,150000.0,150000.0,0.4,243,970177.8999999999,546.7852666666666,550.945039932719,-22.405934099204416,8.602341615726822,3.6456258457371304,146400.0,70.92462190994388,63.157238962676125,0,0,0,19680.0,124.0,59.70873786407766,0,0.0,1,1,1,1,1,stage772_am40_80_120_oi_monthly,970177.8999999999,546.7852666666666,550.945039932719,-22.405934099204416,3.6456258457371304,146400.0,70.92462190994388,63.157238962676125,6.4678526666666665,,,,,2020-06,2020-06,2020,6,1,1,1,0,0,0,B,B,9.0,,,,roll_1y_2020_06,1,2020-06-01,2021-05-31,1,0,B
stage063_C_roll_1y_2020_06,C: Top10+fu（11品种）,stage063_C_roll_1y_2020_06,roll_1y_2020_06,2020-06-01 independent start to 2021-05-31,rolling_1y,2020-06-01,2021-05-31,150000.0,150000.0,0.4,243,970177.8999999999,546.7852666666666,550.945039932719,-22.405934099204416,8.602341615726822,3.6456258457371304,146400.0,70.92462190994388,63.157238962676125,0,0,0,19680.0,124.0,59.70873786407766,0,0.0,1,1,1,1,1,stage772_am40_80_120_oi_monthly,970177.8999999999,546.7852666666666,550.945039932719,-22.405934099204416,3.6456258457371304,146400.0,70.92462190994388,63.157238962676125,6.4678526666666665,,,,,2020-06,2020-06,2020,6,1,1,1,0,0,0,C,C,10.0,,,,roll_1y_2020_06,1,2020-06-01,2021-05-31,1,0,C
stage059_A_roll_1y_2021_01,A: Stage037 Top8+fu（9品种）,stage059_A_roll_1y_2021_01,roll_1y_2021_01,2021-01-01 independent start to 2021-12-31,rolling_1y,2021-01-04,2021-12-31,150000.0,150000.0,0.4,243,835731.6000000001,457.1544,468.53581117700793,-28.594482139720125,15.430325643591123,3.1095376036074867,150000.0,62.04976141237437,52.23937328434147,0,0,0,17830.0,117.0,59.375,0,0.0,1,1,1,1,1,stage772_am40_80_120_oi_monthly,835731.6000000001,457.1544,468.53581117700793,-28.594482139720125,3.1095376036074867,150000.0,62.04976141237437,52.23937328434147,5.571544,,,,,2021-01,2021-01,2021,1,1,1,1,0,0,0,stage059_A_roll_1y_2021_01,A,,,,,roll_1y_2021_01,1,2021-01-01,2021-12-31,1,0,A
stage063_B_roll_1y_2021_01,B: Top9+fu（10品种）,stage063_B_roll_1y_2021_01,roll_1y_2021_01,2021-01-01 independent start to 2021-12-31,rolling_1y,2021-01-04,2021-12-31,150000.0,150000.0,0.4,243,835731.6000000001,457.1544,468.53581117700793,-28.594482139720125,15.430325643591123,3.1095376036074867,150000.0,62.04976141237437,52.23937328434147,0,0,0,17830.0,117.0,59.375,0,0.0,1,1,1,1,1,stage772_am40_80_120_oi_monthly,835731.6000000001,457.1544,468.53581117700793,-28.594482139720125,3.1095376036074867,150000.0,62.04976141237437,52.23937328434147,5.571544,,,,,2021-01,2021-01,2021,1,1,1,1,0,0,0,B,B,9.0,,,,roll_1y_2021_01,1,2021-01-01,2021-12-31,1,0,B
stage063_C_roll_1y_2021_01,C: Top10+fu（11品种）,stage063_C_roll_1y_2021_01,roll_1y_2021_01,2021-01-01 independent start to 2021-12-31,rolling_1y,2021-01-04,2021-12-31,150000.0,150000.0,0.4,243,835731.6000000001,457.1544,468.53581117700793,-28.594482139720125,15.430325643591123,3.1095376036074867,150000.0,62.04976141237437,52.23937328434147,0,0,0,17830.0,117.0,59.375,0,0.0,1,1,1,1,1,stage772_am40_80_120_oi_monthly,835731.6000000001,457.1544,468.53581117700793,-28.594482139720125,3.1095376036074867,150000.0,62.04976141237437,52.23937328434147,5.571544,,,,,2021-01,2021-01,2021,1,1,1,1,0,0,0,C,C,10.0,,,,roll_1y_2021_01,1,2021-01-01,2021-12-31,1,0,C
stage059_A_roll_1y_2021_06,A: Stage037 Top8+fu（9品种）,stage059_A_roll_1y_2021_06,roll_1y_2021_06,2021-06-01 independent start to 2022-05-31,rolling_1y,2021-06-01,2022-05-31,150000.0,150000.0,0.4,242,203235.0,35.49,35.631392610255475,-41.39959344319018,21.582044177412698,0.9010693931886298,137655.00000000003,61.673335692911614,41.01774170034904,0,0,0,7800.0,124.0,50.77720207253886,0,0.0,0,0,1,1,0,stage772_am40_80_120_oi_monthly,203235.0,35.49,35.631392610255475,-41.39959344319018,0.9010693931886298,137655.00000000003,61.673335692911614,41.01774170034904,1.3549,,,,,2021-06,2021-06,2021,6,1,1,1,0,1,0,stage059_A_roll_1y_2021_06,A,,,,,roll_1y_2021_06,1,2021-06-01,2022-05-31,1,0,A
stage063_B_roll_1y_2021_06,B: Top9+fu（10品种）,stage063_B_roll_1y_2021_06,roll_1y_2021_06,2021-06-01 independent start to 2022-05-31,rolling_1y,2021-06-01,2022-05-31,150000.0,150000.0,0.4,242,206335.0,37.55666666666666,37.70737454952835,-40.50574513789773,21.419285011523872,0.9364583062962486,137655.00000000003,61.673335692911614,41.26099807256114,0,0,0,7960.0,126.0,51.041666666666664,0,0.0,0,0,1,1,0,stage772_am40_80_120_oi_monthly,206335.0,37.55666666666666,37.70737454952835,-40.50574513789773,0.9364583062962486,137655.00000000003,61.673335692911614,41.26099807256114,1.3755666666666666,,,,,2021-06,2021-06,2021,6,1,1,1,0,1,0,B,B,9.0,,,,roll_1y_2021_06,1,2021-06-01,2022-05-31,1,0,B
stage063_C_roll_1y_2021_06,C: Top10+fu（11品种）,stage063_C_roll_1y_2021_06,roll_1y_2021_06,2021-06-01 independent start to 2022-05-31,rolling_1y,2021-06-01,2022-05-31,150000.0,150000.0,0.4,242,206335.0,37.55666666666666,37.70737454952835,-40.50574513789773,21.419285011523872,0.9364583062962486,137655.00000000003,61.673335692911614,41.26099807256114,0,0,0,7960.0,126.0,51.041666666666664,0,0.0,0,0,1,1,0,stage772_am40_80_120_oi_monthly,206335.0,37.55666666666666,37.70737454952835,-40.50574513789773,0.9364583062962486,137655.00000000003,61.673335692911614,41.26099807256114,1.3755666666666666,,,,,2021-06,2021-06,2021,6,1,1,1,0,1,0,C,C,10.0,,,,roll_1y_2021_06,1,2021-06-01,2022-05-31,1,0,C
stage059_A_roll_1y_2022_01,A: Stage037 Top8+fu（9品种）,stage059_A_roll_1y_2022_01,roll_1y_2022_01,2022-01-01 independent start to 2022-12-31,rolling_1y,2022-01-04,2022-12-30,150000.0,150000.0,0.4,242,129370.0,-13.753333333333329,-13.939229911915286,-39.27801392225712,23.217828925097734,-0.0996787344950496,98570.0,64.62988691437803,37.56671242035255,0,0,0,2940.0,63.0,41.44144144144144,0,0.0,0,1,1,1,1,stage772_am40_80_120_oi_monthly,129370.0,-13.753333333333329,-13.939229911915286,-39.27801392225712,-0.0996787344950496,98570.0,64.62988691437803,37.56671242035255,0.8624666666666667,,,,,2022-01,2022-01,2022,1,0,1,1,0,0,0,stage059_A_roll_1y_2022_01,A,,,,,roll_1y_2022_01,1,2022-01-01,2022-12-31,1,0,A
stage063_B_roll_1y_2022_01,B: Top9+fu（10品种）,stage063_B_roll_1y_2022_01,roll_1y_2022_01,2022-01-01 independent start to 2022-12-31,rolling_1y,2022-01-04,2022-12-30,150000.0,150000.0,0.4,242,127890.0,-14.739999999999998,-14.938044146328345,-40.1897369555843,23.54622354637581,-0.12013018299662266,97090.0,64.62988691437803,42.96496449414701,0,0,0,3060.0,67.0,41.228070175438596,0,0.0,0,0,1,1,0,stage772_am40_80_120_oi_monthly,127890.0,-14.739999999999998,-14.938044146328345,-40.1897369555843,-0.12013018299662266,97090.0,64.62988691437803,42.96496449414701,0.8526,,,,,2022-01,2022-01,2022,1,0,1,1,0,1,0,B,B,9.0,,,,roll_1y_2022_01,1,2022-01-01,2022-12-31,1,0,B
stage063_C_roll_1y_2022_01,C: Top10+fu（11品种）,stage063_C_roll_1y_2022_01,roll_1y_2022_01,2022-01-01 independent start to 2022-12-31,rolling_1y,2022-01-04,2022-12-30,150000.0,150000.0,0.4,242,126340.0,-15.773333333333328,-15.983918860856717,-42.06862563913016,24.271745299750904,-0.13326263850578263,94040.0,64.62988691437803,42.96496449414701,0,0,0,3460.0,77.0,42.028985507246375,0,0.0,0,0,1,1,0,stage772_am40_80_120_oi_monthly,126340.0,-15.773333333333328,-15.983918860856717,-42.06862563913016,-0.13326263850578263,94040.0,64.62988691437803,42.96496449414701,0.8422666666666667,,,,,2022-01,2022-01,2022,1,0,1,1,0,1,0,C,C,10.0,,,,roll_1y_2022_01,1,2022-01-01,2022-12-31,1,0,C
stage059_A_roll_1y_2022_06,A: Stage037 Top8+fu（9品种）,stage059_A_roll_1y_2022_06,roll_1y_2022_06,2022-06-01 independent start to 2023-05-31,rolling_1y,2022-06-01,2023-05-31,150000.0,150000.0,0.4,244,155390.0,3.5933333333333373,3.605892933465271,-48.41654494755012,31.436382932208307,0.2942688664552373,149520.0,65.83208909929596,38.94916949549733,0,0,0,3920.0,44.0,42.66666666666667,0,0.0,0,0,1,1,0,stage772_am40_80_120_oi_monthly,155390.0,3.5933333333333373,3.605892933465271,-48.41654494755012,0.2942688664552373,149520.0,65.83208909929596,38.94916949549733,1.0359333333333334,,,,,2022-06,2022-06,2022,6,1,1,1,0,1,0,stage059_A_roll_1y_2022_06,A,,,,,roll_1y_2022_06,1,2022-06-01,2023-05-31,1,0,A
stage063_B_roll_1y_2022_06,B: Top9+fu（10品种）,stage063_B_roll_1y_2022_06,roll_1y_2022_06,2022-06-01 independent start to 2023-05-31,rolling_1y,2022-06-01,2023-05-31,150000.0,150000.0,0.4,244,177490.0,18.326666666666668,18.395065171703926,-39.15096065873742,26.374843988372323,0.6172137082145472,147930.0,59.970127659574466,43.03904076913731,0,0,0,4290.0,51.0,47.82608695652174,0,0.0,0,1,1,1,1,stage772_am40_80_120_oi_monthly,177490.0,18.326666666666668,18.395065171703926,-39.15096065873742,0.6172137082145472,147930.0,59.970127659574466,43.03904076913731,1.1832666666666667,,,,,2022-06,2022-06,2022,6,1,1,1,0,0,0,B,B,9.0,,,,roll_1y_2022_06,1,2022-06-01,2023-05-31,1,0,B
stage063_C_roll_1y_2022_06,C: Top10+fu（11品种）,stage063_C_roll_1y_2022_06,roll_1y_2022_06,2022-06-01 independent start to 2023-05-31,rolling_1y,2022-06-01,2023-05-31,150000.0,150000.0,0.4,244,185940.0,23.960000000000004,24.051466465816773,-36.421486056522554,25.265385695268808,0.7179362805028158,141830.0,73.7512547051443,51.81904467277536,0,0,0,4700.0,57.0,50.42016806722689,0,0.0,0,1,1,1,1,stage772_am40_80_120_oi_monthly,185940.0,23.960000000000004,24.051466465816773,-36.421486056522554,0.7179362805028158,141830.0,73.7512547051443,51.81904467277536,1.2396,,,,,2022-06,2022-06,2022,6,1,1,1,0,0,0,C,C,10.0,,,,roll_1y_2022_06,1,2022-06-01,2023-05-31,1,0,C
stage059_A_roll_1y_2023_01,A: Stage037 Top8+fu（9品种）,stage059_A_roll_1y_2023_01,roll_1y_2023_01,2023-01-01 independent start to 2023-12-31,rolling_1y,2023-01-03,2023-12-29,150000.0,150000.0,0.4,242,154245.0,2.829999999999999,2.871857900388286,-20.41310362173038,8.596494326045514,0.2410873308379453,126575.0,55.3886925795053,50.05111349070732,0,0,0,3090.0,52.0,52.84552845528455,0,0.0,1,1,1,1,1,stage772_am40_80_120_oi_monthly,154245.0,2.829999999999999,2.871857900388286,-20.41310362173038,0.2410873308379453,126575.0,55.3886925795053,50.05111349070732,1.0283,,,,,2023-01,2023-01,2023,1,1,1,1,0,0,0,stage059_A_roll_1y_2023_01,A,,,,,roll_1y_2023_01,1,2023-01-01,2023-12-31,1,0,A
stage063_B_roll_1y_2023_01,B: Top9+fu（10品种）,stage063_B_roll_1y_2023_01,roll_1y_2023_01,2023-01-01 independent start to 2023-12-31,rolling_1y,2023-01-03,2023-12-29,150000.0,150000.0,0.4,242,155620.0,3.746666666666676,3.802331503087908,-25.423234092235848,9.11812287348124,0.2772464915074846,127750.0,62.57471624266145,50.10951821633404,0,0,0,4280.0,68.0,55.39568345323741,0,0.0,1,1,1,1,1,stage772_am40_80_120_oi_monthly,155620.0,3.746666666666676,3.802331503087908,-25.423234092235848,0.2772464915074846,127750.0,62.57471624266145,50.10951821633404,1.0374666666666668,,,,,2023-01,2023-01,2023,1,1,1,1,0,0,0,B,B,9.0,,,,roll_1y_2023_01,1,2023-01-01,2023-12-31,1,0,B
stage063_C_roll_1y_2023_01,C: Top10+fu（11品种）,stage063_C_roll_1y_2023_01,roll_1y_2023_01,2023-01-01 independent start to 2023-12-31,rolling_1y,2023-01-03,2023-12-29,150000.0,150000.0,0.4,242,156510.0,4.3400000000000105,4.404665677434716,-26.182136602451845,9.315394052668266,0.29770075422345466,126450.0,64.72702702702703,53.920384119424256,0,0,0,4400.0,71.0,53.956834532374096,0,0.0,1,1,1,1,1,stage772_am40_80_120_oi_monthly,156510.0,4.3400000000000105,4.404665677434716,-26.182136602451845,0.29770075422345466,126450.0,64.72702702702703,53.920384119424256,1.0434,,,,,2023-01,2023-01,2023,1,1,1,1,0,0,0,C,C,10.0,,,,roll_1y_2023_01,1,2023-01-01,2023-12-31,1,0,C
stage059_A_roll_1y_2023_06,A: Stage037 Top8+fu（9品种）,stage059_A_roll_1y_2023_06,roll_1y_2023_06,2023-06-01 independent start to 2024-05-31,rolling_1y,2023-06-01,2024-05-31,150000.0,150000.0,0.4,242,235995.0,57.32999999999999,57.37884187682237,-12.649247822644494,6.736091851083083,1.622290666400262,137905.0,54.49406226925917,48.6832674059356,0,0,0,4960.0,75.0,56.72514619883041,0,0.0,1,1,1,1,1,stage772_am40_80_120_oi_monthly,235995.0,57.32999999999999,57.37884187682237,-12.649247822644494,1.622290666400262,137905.0,54.49406226925917,48.6832674059356,1.5733,,,,,2023-06,2023-06,2023,6,1,1,1,0,0,0,stage059_A_roll_1y_2023_06,A,,,,,roll_1y_2023_06,1,2023-06-01,2024-05-31,1,0,A
stage063_B_roll_1y_2023_06,B: Top9+fu（10品种）,stage063_B_roll_1y_2023_06,roll_1y_2023_06,2023-06-01 independent start to 2024-05-31,rolling_1y,2023-06-01,2024-05-31,150000.0,150000.0,0.4,242,255200.0,70.13333333333334,70.19526990501117,-14.071258907363415,6.302239117473576,1.7364527618562347,135660.0,62.448474126492705,52.79341627347226,0,0,0,6300.0,87.0,58.52272727272727,0,0.0,1,1,1,1,1,stage772_am40_80_120_oi_monthly,255200.0,70.13333333333334,70.19526990501117,-14.071258907363415,1.7364527618562347,135660.0,62.448474126492705,52.79341627347226,1.7013333333333334,,,,,2023-06,2023-06,2023,6,1,1,1,0,0,0,B,B,9.0,,,,roll_1y_2023_06,1,2023-06-01,2024-05-31,1,0,B
stage063_C_roll_1y_2023_06,C: Top10+fu（11品种）,stage063_C_roll_1y_2023_06,roll_1y_2023_06,2023-06-01 independent start to 2024-05-31,rolling_1y,2023-06-01,2024-05-31,150000.0,150000.0,0.4,242,253900.0,69.26666666666668,69.32769542341511,-14.405237106817815,5.988017695887785,1.757767066068351,134020.0,61.9382824898607,49.541102850011356,0,0,0,6280.0,92.0,57.6271186440678,0,0.0,1,1,1,1,1,stage772_am40_80_120_oi_monthly,253900.0,69.26666666666668,69.32769542341511,-14.405237106817815,1.757767066068351,134020.0,61.9382824898607,49.541102850011356,1.6926666666666668,,,,,2023-06,2023-06,2023,6,1,1,1,0,0,0,C,C,10.0,,,,roll_1y_2023_06,1,2023-06-01,2024-05-31,1,0,C
stage059_A_roll_1y_2024_01,A: Stage037 Top8+fu（9品种）,stage059_A_roll_1y_2024_01,roll_1y_2024_01,2024-01-01 independent start to 2024-12-31,rolling_1y,2024-01-02,2024-12-31,150000.0,150000.0,0.4,242,243210.00000000003,62.140000000000015,62.40931901752666,-11.599973745815738,5.863625473832527,1.8821104539521711,150000.0,56.41501420666965,46.46341636369066,0,0,0,7060.0,80.0,55.494505494505496,0,0.0,1,1,1,1,1,stage772_am40_80_120_oi_monthly,243210.00000000003,62.140000000000015,62.40931901752666,-11.599973745815738,1.8821104539521711,150000.0,56.41501420666965,46.46341636369066,1.6214000000000002,,,,,2024-01,2024-01,2024,1,1,1,1,0,0,0,stage059_A_roll_1y_2024_01,A,,,,,roll_1y_2024_01,1,2024-01-01,2024-12-31,1,0,A
stage063_B_roll_1y_2024_01,B: Top9+fu（10品种）,stage063_B_roll_1y_2024_01,roll_1y_2024_01,2024-01-01 independent start to 2024-12-31,rolling_1y,2024-01-02,2024-12-31,150000.0,150000.0,0.4,242,281120.0,87.41333333333334,87.81803820570234,-11.916606980390643,5.135143798916032,2.308807683337177,150000.0,62.37902647907018,50.152844683002265,0,0,0,8390.0,84.0,56.21621621621622,0,0.0,1,1,1,1,1,stage772_am40_80_120_oi_monthly,281120.0,87.41333333333334,87.81803820570234,-11.916606980390643,2.308807683337177,150000.0,62.37902647907018,50.152844683002265,1.8741333333333334,,,,,2024-01,2024-01,2024,1,1,1,1,0,0,0,B,B,9.0,,,,roll_1y_2024_01,1,2024-01-01,2024-12-31,1,0,B
stage063_C_roll_1y_2024_01,C: Top10+fu（11品种）,stage063_C_roll_1y_2024_01,roll_1y_2024_01,2024-01-01 independent start to 2024-12-31,rolling_1y,2024-01-02,2024-12-31,150000.0,150000.0,0.4,242,431265.00000000006,187.51000000000002,188.55459809275555,-12.553634040530115,4.655705323096521,3.358346718783954,150000.0,62.65639487385838,53.5005665683293,0,0,0,12640.0,88.0,59.11330049261084,0,0.0,1,1,1,1,1,stage772_am40_80_120_oi_monthly,431265.00000000006,187.51000000000002,188.55459809275555,-12.553634040530115,3.358346718783954,150000.0,62.65639487385838,53.5005665683293,2.8751,,,,,2024-01,2024-01,2024,1,1,1,1,0,0,0,C,C,10.0,,,,roll_1y_2024_01,1,2024-01-01,2024-12-31,1,0,C
stage059_A_roll_1y_2024_06,A: Stage037 Top8+fu（9品种）,stage059_A_roll_1y_2024_06,roll_1y_2024_06,2024-06-01 independent start to 2025-05-31,rolling_1y,2024-06-03,2025-05-30,150000.0,150000.0,0.4,241,159995.0,6.663333333333332,6.744367928416106,-17.784364579473877,7.974865963108483,0.4147153731833901,144110.0,58.61832797427653,47.56237182345074,0,0,0,4380.0,56.0,49.60629921259843,0,0.0,1,1,1,1,1,stage772_am40_80_120_oi_monthly,159995.0,6.663333333333332,6.744367928416106,-17.784364579473877,0.4147153731833901,144110.0,58.61832797427653,47.56237182345074,1.066633333333333,,,,,2024-06,2024-06,2024,6,1,1,1,0,0,0,stage059_A_roll_1y_2024_06,A,,,,,roll_1y_2024_06,1,2024-06-01,2025-05-31,1,0,A
stage063_B_roll_1y_2024_06,B: Top9+fu（10品种）,stage063_B_roll_1y_2024_06,roll_1y_2024_06,2024-06-01 independent start to 2025-05-31,rolling_1y,2024-06-03,2025-05-30,150000.0,150000.0,0.4,241,166655.0,11.103333333333332,11.241139057141392,-17.23715336164391,6.957834590047535,0.5958060315534773,144110.0,58.61832797427653,49.752365588061934,0,0,0,4680.0,58.0,50.0,0,0.0,1,1,1,1,1,stage772_am40_80_120_oi_monthly,166655.0,11.103333333333332,11.241139057141392,-17.23715336164391,0.5958060315534773,144110.0,58.61832797427653,49.752365588061934,1.1110333333333333,,,,,2024-06,2024-06,2024,6,1,1,1,0,0,0,B,B,9.0,,,,roll_1y_2024_06,1,2024-06-01,2025-05-31,1,0,B
stage063_C_roll_1y_2024_06,C: Top10+fu（11品种）,stage063_C_roll_1y_2024_06,roll_1y_2024_06,2024-06-01 independent start to 2025-05-31,rolling_1y,2024-06-03,2025-05-30,150000.0,150000.0,0.4,241,256475.00000000003,70.98333333333335,72.06649415750037,-20.6416921306401,8.146807588282261,2.064311587206394,144110.0,59.49516304803421,51.871061928268944,0,0,0,8560.0,80.0,50.595238095238095,0,0.0,1,1,1,1,1,stage772_am40_80_120_oi_monthly,256475.00000000003,70.98333333333335,72.06649415750037,-20.6416921306401,2.064311587206394,144110.0,59.49516304803421,51.871061928268944,1.7098333333333335,,,,,2024-06,2024-06,2024,6,1,1,1,0,0,0,C,C,10.0,,,,roll_1y_2024_06,1,2024-06-01,2025-05-31,1,0,C
stage059_A_roll_1y_2025_01,A: Stage037 Top8+fu（9品种）,stage059_A_roll_1y_2025_01,roll_1y_2025_01,2025-01-01 independent start to 2025-12-31,rolling_1y,2025-01-02,2025-12-31,150000.0,150000.0,0.4,243,221035.8,47.35720000000001,47.71173007352951,-22.43900728561966,13.475177610521156,1.1853241086275543,134090.0,56.07835862844295,41.27881451706277,0,0,0,5190.0,52.0,47.61904761904761,0,0.0,1,1,1,1,1,stage772_am40_80_120_oi_monthly,221035.8,47.35720000000001,47.71173007352951,-22.43900728561966,1.1853241086275543,134090.0,56.07835862844295,41.27881451706277,1.473572,,,,,2025-01,2025-01,2025,1,1,1,1,0,0,0,stage059_A_roll_1y_2025_01,A,,,,,roll_1y_2025_01,1,2025-01-01,2025-12-31,1,0,A
stage063_B_roll_1y_2025_01,B: Top9+fu（10品种）,stage063_B_roll_1y_2025_01,roll_1y_2025_01,2025-01-01 independent start to 2025-12-31,rolling_1y,2025-01-02,2025-12-31,150000.0,150000.0,0.4,243,245105.80000000002,63.40386666666669,63.90198114306729,-19.816644649933945,11.576296677638952,1.4042217288082712,135050.0,53.93802719093978,42.284775050286484,0,0,0,6030.0,54.0,49.137931034482754,0,0.0,1,1,1,1,1,stage772_am40_80_120_oi_monthly,245105.80000000002,63.40386666666669,63.90198114306729,-19.816644649933945,1.4042217288082712,135050.0,53.93802719093978,42.284775050286484,1.6340386666666669,,,,,2025-01,2025-01,2025,1,1,1,1,0,0,0,B,B,9.0,,,,roll_1y_2025_01,1,2025-01-01,2025-12-31,1,0,B
stage063_C_roll_1y_2025_01,C: Top10+fu（11品种）,stage063_C_roll_1y_2025_01,roll_1y_2025_01,2025-01-01 independent start to 2025-12-31,rolling_1y,2025-01-02,2025-12-31,150000.0,150000.0,0.4,243,245105.80000000002,63.40386666666669,63.90198114306729,-19.816644649933945,11.576296677638952,1.4042217288082712,135050.0,53.93802719093978,42.284775050286484,0,0,0,6030.0,54.0,49.137931034482754,0,0.0,1,1,1,1,1,stage772_am40_80_120_oi_monthly,245105.80000000002,63.40386666666669,63.90198114306729,-19.816644649933945,1.4042217288082712,135050.0,53.93802719093978,42.284775050286484,1.6340386666666669,,,,,2025-01,2025-01,2025,1,1,1,1,0,0,0,C,C,10.0,,,,roll_1y_2025_01,1,2025-01-01,2025-12-31,1,0,C
stage059_A_roll_1y_2025_06,A: Stage037 Top8+fu（9品种）,stage059_A_roll_1y_2025_06,roll_1y_2025_06,2025-06-01 independent start to 2026-05-31,rolling_1y,2025-06-03,2026-05-29,150000.0,150000.0,0.4,241,212612.80000000005,41.7418666666667,42.4647747901582,-22.048158640226625,16.596187299632362,1.133260170632485,150000.0,54.52876229806875,37.8744662763041,0,0,0,5970.0,58.0,48.35164835164835,0,0.0,1,1,1,1,1,stage772_am40_80_120_oi_monthly,212612.80000000005,41.7418666666667,42.4647747901582,-22.048158640226625,1.133260170632485,150000.0,54.52876229806875,37.8744662763041,1.417418666666667,,,,,2025-06,2025-06,2025,6,1,1,1,0,0,0,stage059_A_roll_1y_2025_06,A,,,,,roll_1y_2025_06,1,2025-06-01,2026-05-31,1,0,A
stage063_B_roll_1y_2025_06,B: Top9+fu（10品种）,stage063_B_roll_1y_2025_06,roll_1y_2025_06,2025-06-01 independent start to 2026-05-31,rolling_1y,2025-06-03,2026-05-29,150000.0,150000.0,0.4,241,206127.40000000005,37.418266666666696,38.05674023431871,-22.048158640226625,16.803682173553547,1.047283855963639,150000.0,54.528762298068756,37.8744662763041,0,0,0,6110.0,62.0,48.91304347826087,0,0.0,1,1,1,1,1,stage772_am40_80_120_oi_monthly,206127.40000000005,37.418266666666696,38.05674023431871,-22.048158640226625,1.047283855963639,150000.0,54.528762298068756,37.8744662763041,1.374182666666667,,,,,2025-06,2025-06,2025,6,1,1,1,0,0,0,B,B,9.0,,,,roll_1y_2025_06,1,2025-06-01,2026-05-31,1,0,B
stage063_C_roll_1y_2025_06,C: Top10+fu（11品种）,stage063_C_roll_1y_2025_06,roll_1y_2025_06,2025-06-01 independent start to 2026-05-31,rolling_1y,2025-06-03,2026-05-29,150000.0,150000.0,0.4,241,206127.40000000005,37.418266666666696,38.05674023431871,-22.048158640226625,16.803682173553547,1.047283855963639,150000.0,54.528762298068756,37.8744662763041,0,0,0,6110.0,62.0,48.91304347826087,0,0.0,1,1,1,1,1,stage772_am40_80_120_oi_monthly,206127.40000000005,37.418266666666696,38.05674023431871,-22.048158640226625,1.047283855963639,150000.0,54.528762298068756,37.8744662763041,1.374182666666667,,,,,2025-06,2025-06,2025,6,1,1,1,0,0,0,C,C,10.0,,,,roll_1y_2025_06,1,2025-06-01,2026-05-31,1,0,C
stage059_A_roll_2y_2018_01,A: Stage037 Top8+fu（9品种）,stage059_A_roll_2y_2018_01,roll_2y_2018_01,2018-01-01 independent start to 2019-12-31,rolling_2y,2018-01-02,2019-12-31,150000.0,150000.0,0.4,487,213888.9,42.592600000000026,19.48491626666879,-21.794263870121434,8.515308155596538,0.8702901129310863,122871.30000000005,77.9591613368685,41.93713809302513,0,0,0,10510.0,131.0,47.08994708994709,0,0.0,1,1,1,1,1,stage772_am40_80_120_oi_monthly,213888.9,42.592600000000026,19.48491626666879,-21.794263870121434,0.8702901129310863,122871.30000000005,77.9591613368685,41.93713809302513,1.4259260000000002,,,,,2018-01,2018-01,2018,1,1,1,1,1,0,0,stage059_A_roll_2y_2018_01,A,,,,,roll_2y_2018_01,2,2018-01-01,2019-12-31,1,0,A
stage063_B_roll_2y_2018_01,B: Top9+fu（10品种）,stage063_B_roll_2y_2018_01,roll_2y_2018_01,2018-01-01 independent start to 2019-12-31,rolling_2y,2018-01-02,2019-12-31,150000.0,150000.0,0.4,487,213888.90000000002,42.592600000000026,19.484916266668794,-21.794263870121434,8.515308155596538,0.8702901129310863,122871.30000000003,77.9591613368685,41.93713809302513,0,0,0,10510.0,131.0,47.08994708994709,0,0.0,1,1,1,1,1,stage772_am40_80_120_oi_monthly,213888.90000000002,42.592600000000026,19.484916266668794,-21.794263870121434,0.8702901129310863,122871.30000000003,77.9591613368685,41.93713809302513,1.4259260000000002,,,,,2018-01,2018-01,2018,1,1,1,1,1,0,0,B,B,9.0,,,,roll_2y_2018_01,2,2018-01-01,2019-12-31,1,0,B
stage063_C_roll_2y_2018_01,C: Top10+fu（11品种）,stage063_C_roll_2y_2018_01,roll_2y_2018_01,2018-01-01 independent start to 2019-12-31,rolling_2y,2018-01-02,2019-12-31,150000.0,150000.0,0.4,487,213888.90000000002,42.592600000000026,19.484916266668794,-21.794263870121434,8.515308155596538,0.8702901129310863,122871.30000000003,77.9591613368685,41.93713809302513,0,0,0,10510.0,131.0,47.08994708994709,0,0.0,1,1,1,1,1,stage772_am40_80_120_oi_monthly,213888.90000000002,42.592600000000026,19.484916266668794,-21.794263870121434,0.8702901129310863,122871.30000000003,77.9591613368685,41.93713809302513,1.4259260000000002,,,,,2018-01,2018-01,2018,1,1,1,1,1,0,0,C,C,10.0,,,,roll_2y_2018_01,2,2018-01-01,2019-12-31,1,0,C
stage059_A_roll_2y_2018_06,A: Stage037 Top8+fu（9品种）,stage059_A_roll_2y_2018_06,roll_2y_2018_06,2018-06-01 independent start to 2020-05-31,rolling_2y,2018-06-01,2020-05-29,150000.0,150000.0,0.4,485,329749.9,119.83326666666667,48.46842191501732,-20.25464339554211,7.458507709462023,1.5428616683676633,136107.70000000007,74.6460645367816,55.17452104526889,0,0,0,17160.0,155.0,54.0650406504065,0,0.0,1,1,1,1,1,stage772_am40_80_120_oi_monthly,329749.9,119.83326666666667,48.46842191501732,-20.25464339554211,1.5428616683676633,136107.70000000007,74.6460645367816,55.17452104526889,2.198332666666667,,,,,2018-06,2018-06,2018,6,1,1,1,1,0,0,stage059_A_roll_2y_2018_06,A,,,,,roll_2y_2018_06,2,2018-06-01,2020-05-31,1,0,A
stage063_B_roll_2y_2018_06,B: Top9+fu（10品种）,stage063_B_roll_2y_2018_06,roll_2y_2018_06,2018-06-01 independent start to 2020-05-31,rolling_2y,2018-06-01,2020-05-29,150000.0,150000.0,0.4,485,329749.9,119.83326666666669,48.46842191501732,-20.254643395542114,7.458507709462023,1.5428616683676633,136107.70000000007,74.6460645367816,55.17452104526889,0,0,0,17160.0,155.0,54.0650406504065,0,0.0,1,1,1,1,1,stage772_am40_80_120_oi_monthly,329749.9,119.83326666666669,48.46842191501732,-20.254643395542114,1.5428616683676633,136107.70000000007,74.6460645367816,55.17452104526889,2.198332666666667,,,,,2018-06,2018-06,2018,6,1,1,1,1,0,0,B,B,9.0,,,,roll_2y_2018_06,2,2018-06-01,2020-05-31,1,0,B
stage063_C_roll_2y_2018_06,C: Top10+fu（11品种）,stage063_C_roll_2y_2018_06,roll_2y_2018_06,2018-06-01 independent start to 2020-05-31,rolling_2y,2018-06-01,2020-05-29,150000.0,150000.0,0.4,485,329749.9,119.83326666666669,48.46842191501732,-20.254643395542114,7.458507709462023,1.5428616683676633,136107.70000000007,74.6460645367816,55.17452104526889,0,0,0,17160.0,155.0,54.0650406504065,0,0.0,1,1,1,1,1,stage772_am40_80_120_oi_monthly,329749.9,119.83326666666669,48.46842191501732,-20.254643395542114,1.5428616683676633,136107.70000000007,74.6460645367816,55.17452104526889,2.198332666666667,,,,,2018-06,2018-06,2018,6,1,1,1,1,0,0,C,C,10.0,,,,roll_2y_2018_06,2,2018-06-01,2020-05-31,1,0,C
stage059_A_roll_2y_2019_01,A: Stage037 Top8+fu（9品种）,stage059_A_roll_2y_2019_01,roll_2y_2019_01,2019-01-01 independent start to 2020-12-31,rolling_2y,2019-01-02,2020-12-31,150000.0,150000.0,0.4,487,622443.1000000001,314.9620666666667,104.00462341589449,-26.521543284524128,8.10323986087077,2.0530996068584484,127289.50000000004,91.05251610722505,66.01906366767268,0,1,0,33600.0,214.0,56.40243902439024,0,0.0,1,1,1,1,1,stage772_am40_80_120_oi_monthly,622443.1000000001,314.9620666666667,104.00462341589449,-26.521543284524128,2.0530996068584484,127289.50000000004,91.05251610722505,66.01906366767268,4.149620666666667,,,,,2019-01,2019-01,2019,1,1,1,1,1,0,0,stage059_A_roll_2y_2019_01,A,,,,,roll_2y_2019_01,2,2019-01-01,2020-12-31,1,0,A
stage063_B_roll_2y_2019_01,B: Top9+fu（10品种）,stage063_B_roll_2y_2019_01,roll_2y_2019_01,2019-01-01 independent start to 2020-12-31,rolling_2y,2019-01-02,2020-12-31,150000.0,150000.0,0.4,487,622443.1000000001,314.9620666666667,104.00462341589449,-26.521543284524128,8.10323986087077,2.0530996068584484,127289.50000000003,91.05251610722503,66.01906366767268,0,1,0,33600.0,214.0,56.40243902439024,0,0.0,1,1,1,1,1,stage772_am40_80_120_oi_monthly,622443.1000000001,314.9620666666667,104.00462341589449,-26.521543284524128,2.0530996068584484,127289.50000000003,91.05251610722503,66.01906366767268,4.149620666666667,,,,,2019-01,2019-01,2019,1,1,1,1,1,0,0,B,B,9.0,,,,roll_2y_2019_01,2,2019-01-01,2020-12-31,1,0,B
stage063_C_roll_2y_2019_01,C: Top10+fu（11品种）,stage063_C_roll_2y_2019_01,roll_2y_2019_01,2019-01-01 independent start to 2020-12-31,rolling_2y,2019-01-02,2020-12-31,150000.0,150000.0,0.4,487,622443.1000000001,314.9620666666667,104.00462341589449,-26.521543284524128,8.10323986087077,2.0530996068584484,127289.50000000003,91.05251610722503,66.01906366767268,0,1,0,33600.0,214.0,56.40243902439024,0,0.0,1,1,1,1,1,stage772_am40_80_120_oi_monthly,622443.1000000001,314.9620666666667,104.00462341589449,-26.521543284524128,2.0530996068584484,127289.50000000003,91.05251610722503,66.01906366767268,4.149620666666667,,,,,2019-01,2019-01,2019,1,1,1,1,1,0,0,C,C,10.0,,,,roll_2y_2019_01,2,2019-01-01,2020-12-31,1,0,C
stage059_A_roll_2y_2019_06,A: Stage037 Top8+fu（9品种）,stage059_A_roll_2y_2019_06,roll_2y_2019_06,2019-06-01 independent start to 2021-05-31,rolling_2y,2019-06-03,2021-05-31,150000.0,150000.0,0.4,485,1709318.2,1039.5454666666665,238.9848366822191,-23.747904596653235,6.772220645380271,2.975722699612778,141329.0,79.88024765067189,59.630996261501885,0,0,0,43740.0,217.0,58.7912087912088,0,0.0,1,1,1,1,1,stage772_am40_80_120_oi_monthly,1709318.2,1039.5454666666665,238.9848366822191,-23.747904596653235,2.975722699612778,141329.0,79.88024765067189,59.630996261501885,11.395454666666666,,,,,2019-06,2019-06,2019,6,1,1,1,1,0,0,stage059_A_roll_2y_2019_06,A,,,,,roll_2y_2019_06,2,2019-06-01,2021-05-31,1,0,A
stage063_B_roll_2y_2019_06,B: Top9+fu（10品种）,stage063_B_roll_2y_2019_06,roll_2y_2019_06,2019-06-01 independent start to 2021-05-31,rolling_2y,2019-06-03,2021-05-31,150000.0,150000.0,0.4,485,1709318.2,1039.5454666666665,238.9848366822191,-23.747904596653235,6.772220645380271,2.975722699612778,141329.0,79.88024765067189,59.630996261501885,0,0,0,43740.0,217.0,58.791208791208796,0,0.0,1,1,1,1,1,stage772_am40_80_120_oi_monthly,1709318.2,1039.5454666666665,238.9848366822191,-23.747904596653235,2.975722699612778,141329.0,79.88024765067189,59.630996261501885,11.395454666666666,,,,,2019-06,2019-06,2019,6,1,1,1,1,0,0,B,B,9.0,,,,roll_2y_2019_06,2,2019-06-01,2021-05-31,1,0,B
stage063_C_roll_2y_2019_06,C: Top10+fu（11品种）,stage063_C_roll_2y_2019_06,roll_2y_2019_06,2019-06-01 independent start to 2021-05-31,rolling_2y,2019-06-03,2021-05-31,150000.0,150000.0,0.4,485,1709318.2,1039.5454666666665,238.9848366822191,-23.747904596653235,6.772220645380271,2.975722699612778,141329.0,79.88024765067189,59.630996261501885,0,0,0,43740.0,217.0,58.791208791208796,0,0.0,1,1,1,1,1,stage772_am40_80_120_oi_monthly,1709318.2,1039.5454666666665,238.9848366822191,-23.747904596653235,2.975722699612778,141329.0,79.88024765067189,59.630996261501885,11.395454666666666,,,,,2019-06,2019-06,2019,6,1,1,1,1,0,0,C,C,10.0,,,,roll_2y_2019_06,2,2019-06-01,2021-05-31,1,0,C
stage059_A_roll_2y_2020_01,A: Stage037 Top8+fu（9品种）,stage059_A_roll_2y_2020_01,roll_2y_2020_01,2020-01-01 independent start to 2021-12-31,rolling_2y,2020-01-02,2021-12-31,150000.0,150000.0,0.4,486,1810781.6000000008,1107.1877333333337,248.33759089850648,-29.526696675479837,12.396887121243012,2.653356235238829,141520.0,69.05850384569503,57.67480544747413,0,0,0,52620.0,240.0,57.54475703324808,0,0.0,1,1,1,1,1,stage772_am40_80_120_oi_monthly,1810781.6000000008,1107.1877333333337,248.33759089850648,-29.526696675479837,2.653356235238829,141520.0,69.05850384569503,57.67480544747413,12.071877333333337,,,,,2020-01,2020-01,2020,1,1,1,1,1,0,0,stage059_A_roll_2y_2020_01,A,,,,,roll_2y_2020_01,2,2020-01-01,2021-12-31,1,0,A
stage063_B_roll_2y_2020_01,B: Top9+fu（10品种）,stage063_B_roll_2y_2020_01,roll_2y_2020_01,2020-01-01 independent start to 2021-12-31,rolling_2y,2020-01-02,2021-12-31,150000.0,150000.0,0.4,486,1810781.6000000006,1107.1877333333337,248.33759089850648,-29.526696675479837,12.396887121243012,2.653356235238829,141520.0,69.05850384569503,57.67480544747413,0,0,0,52620.0,240.0,57.54475703324808,0,0.0,1,1,1,1,1,stage772_am40_80_120_oi_monthly,1810781.6000000006,1107.1877333333337,248.33759089850648,-29.526696675479837,2.653356235238829,141520.0,69.05850384569503,57.67480544747413,12.071877333333337,,,,,2020-01,2020-01,2020,1,1,1,1,1,0,0,B,B,9.0,,,,roll_2y_2020_01,2,2020-01-01,2021-12-31,1,0,B
stage063_C_roll_2y_2020_01,C: Top10+fu（11品种）,stage063_C_roll_2y_2020_01,roll_2y_2020_01,2020-01-01 independent start to 2021-12-31,rolling_2y,2020-01-02,2021-12-31,150000.0,150000.0,0.4,486,1810781.6000000006,1107.1877333333337,248.33759089850648,-29.526696675479837,12.396887121243012,2.653356235238829,141520.0,69.05850384569503,57.67480544747413,0,0,0,52620.0,240.0,57.54475703324808,0,0.0,1,1,1,1,1,stage772_am40_80_120_oi_monthly,1810781.6000000006,1107.1877333333337,248.33759089850648,-29.526696675479837,2.653356235238829,141520.0,69.05850384569503,57.67480544747413,12.071877333333337,,,,,2020-01,2020-01,2020,1,1,1,1,1,0,0,C,C,10.0,,,,roll_2y_2020_01,2,2020-01-01,2021-12-31,1,0,C
stage059_A_roll_2y_2020_06,A: Stage037 Top8+fu（9品种）,stage059_A_roll_2y_2020_06,roll_2y_2020_06,2020-06-01 independent start to 2022-05-31,rolling_2y,2020-06-01,2022-05-31,150000.0,150000.0,0.4,485,1624716.1000000006,983.1440666666672,229.9192106438653,-43.13613149419664,18.85143479572131,2.3796703616096235,146400.0,70.92462190994388,60.64464337744836,0,0,0,98660.0,260.0,56.92695214105793,0,0.0,0,0,1,1,0,stage772_am40_80_120_oi_monthly,1624716.1000000006,983.1440666666672,229.9192106438653,-43.13613149419664,2.3796703616096235,146400.0,70.92462190994388,60.64464337744836,10.831440666666673,,,,,2020-06,2020-06,2020,6,1,1,1,1,1,0,stage059_A_roll_2y_2020_06,A,,,,,roll_2y_2020_06,2,2020-06-01,2022-05-31,1,0,A
stage063_B_roll_2y_2020_06,B: Top9+fu（10品种）,stage063_B_roll_2y_2020_06,roll_2y_2020_06,2020-06-01 independent start to 2022-05-31,rolling_2y,2020-06-01,2022-05-31,150000.0,150000.0,0.4,485,1549911.1000000006,933.274066666667,222.21903774734653,-45.75425147440525,19.240738770232145,2.335435744692964,146400.0,70.92462190994388,60.89423421350655,0,0,0,99210.0,262.0,56.67506297229219,0,0.0,0,0,1,1,0,stage772_am40_80_120_oi_monthly,1549911.1000000006,933.274066666667,222.21903774734653,-45.75425147440525,2.335435744692964,146400.0,70.92462190994388,60.89423421350655,10.33274066666667,,,,,2020-06,2020-06,2020,6,1,1,1,1,1,0,B,B,9.0,,,,roll_2y_2020_06,2,2020-06-01,2022-05-31,1,0,B
stage063_C_roll_2y_2020_06,C: Top10+fu（11品种）,stage063_C_roll_2y_2020_06,roll_2y_2020_06,2020-06-01 independent start to 2022-05-31,rolling_2y,2020-06-01,2022-05-31,150000.0,150000.0,0.4,485,1549911.1000000006,933.274066666667,222.21903774734653,-45.75425147440525,19.240738770232145,2.335435744692964,146400.0,70.92462190994388,60.89423421350655,0,0,0,99210.0,262.0,56.67506297229219,0,0.0,0,0,1,1,0,stage772_am40_80_120_oi_monthly,1549911.1000000006,933.274066666667,222.21903774734653,-45.75425147440525,2.335435744692964,146400.0,70.92462190994388,60.89423421350655,10.33274066666667,,,,,2020-06,2020-06,2020,6,1,1,1,1,1,0,C,C,10.0,,,,roll_2y_2020_06,2,2020-06-01,2022-05-31,1,0,C
stage059_A_roll_2y_2021_01,A: Stage037 Top8+fu（9品种）,stage059_A_roll_2y_2021_01,roll_2y_2021_01,2021-01-01 independent start to 2022-12-31,rolling_2y,2021-01-04,2022-12-30,150000.0,150000.0,0.4,485,860916.7999999999,473.9445333333333,141.16453054438068,-42.435907154063166,23.21951421216608,1.868292867615055,150000.0,72.2284305821959,52.82082426620293,0,0,0,43900.0,205.0,54.6875,0,0.0,0,0,1,1,0,stage772_am40_80_120_oi_monthly,860916.7999999999,473.9445333333333,141.16453054438068,-42.435907154063166,1.868292867615055,150000.0,72.2284305821959,52.82082426620293,5.739445333333333,,,,,2021-01,2021-01,2021,1,1,1,1,1,1,0,stage059_A_roll_2y_2021_01,A,,,,,roll_2y_2021_01,2,2021-01-01,2022-12-31,1,0,A
stage063_B_roll_2y_2021_01,B: Top9+fu（10品种）,stage063_B_roll_2y_2021_01,roll_2y_2021_01,2021-01-01 independent start to 2022-12-31,rolling_2y,2021-01-04,2022-12-30,150000.0,150000.0,0.4,485,847426.7999999999,464.9512,139.25329246561233,-43.62682000403078,23.38409123518199,1.8692952612631972,150000.0,64.26498818431206,52.97262094486811,0,0,0,43720.0,209.0,54.71698113207547,0,0.0,0,0,1,1,0,stage772_am40_80_120_oi_monthly,847426.7999999999,464.9512,139.25329246561233,-43.62682000403078,1.8692952612631972,150000.0,64.26498818431206,52.97262094486811,5.649512,,,,,2021-01,2021-01,2021,1,1,1,1,1,1,0,B,B,9.0,,,,roll_2y_2021_01,2,2021-01-01,2022-12-31,1,0,B
stage063_C_roll_2y_2021_01,C: Top10+fu（11品种）,stage063_C_roll_2y_2021_01,roll_2y_2021_01,2021-01-01 independent start to 2022-12-31,rolling_2y,2021-01-04,2022-12-30,150000.0,150000.0,0.4,485,888146.7999999999,492.0978666666667,144.97767951765658,-46.092171265841564,24.205770421267435,1.9078164886612763,150000.0,63.93551203148412,52.91659285383552,0,0,0,46980.0,221.0,54.191616766467064,0,0.0,0,0,1,1,0,stage772_am40_80_120_oi_monthly,888146.7999999999,492.0978666666667,144.97767951765658,-46.092171265841564,1.9078164886612763,150000.0,63.93551203148412,52.91659285383552,5.920978666666667,,,,,2021-01,2021-01,2021,1,1,1,1,1,1,0,C,C,10.0,,,,roll_2y_2021_01,2,2021-01-01,2022-12-31,1,0,C
stage059_A_roll_2y_2021_06,A: Stage037 Top8+fu（9品种）,stage059_A_roll_2y_2021_06,roll_2y_2021_06,2021-06-01 independent start to 2023-05-31,rolling_2y,2021-06-01,2023-05-31,150000.0,150000.0,0.4,486,192795.0,28.530000000000012,13.400350876269496,-44.409843864884735,27.757981823049494,0.5203772524430028,137655.00000000003,61.673335692911614,39.78580506807566,0,0,0,11820.0,171.0,48.33948339483395,0,0.0,0,0,1,1,0,stage772_am40_80_120_oi_monthly,192795.0,28.530000000000012,13.400350876269496,-44.409843864884735,0.5203772524430028,137655.00000000003,61.673335692911614,39.78580506807566,1.2853,,,,,2021-06,2021-06,2021,6,1,1,1,1,1,0,stage059_A_roll_2y_2021_06,A,,,,,roll_2y_2021_06,2,2021-06-01,2023-05-31,1,0,A
stage063_B_roll_2y_2021_06,B: Top9+fu（10品种）,stage063_B_roll_2y_2021_06,roll_2y_2021_06,2021-06-01 independent start to 2023-05-31,rolling_2y,2021-06-01,2023-05-31,150000.0,150000.0,0.4,486,249035.0,66.02333333333333,28.917262838060907,-41.34480919222063,24.352324774796124,0.8290305841917669,137655.00000000003,61.673335692911614,38.91101685128905,0,0,0,12700.0,178.0,49.647887323943664,0,0.0,0,0,1,1,0,stage772_am40_80_120_oi_monthly,249035.0,66.02333333333333,28.917262838060907,-41.34480919222063,0.8290305841917669,137655.00000000003,61.673335692911614,38.91101685128905,1.6602333333333332,,,,,2021-06,2021-06,2021,6,1,1,1,1,1,0,B,B,9.0,,,,roll_2y_2021_06,2,2021-06-01,2023-05-31,1,0,B
stage063_C_roll_2y_2021_06,C: Top10+fu（11品种）,stage063_C_roll_2y_2021_06,roll_2y_2021_06,2021-06-01 independent start to 2023-05-31,rolling_2y,2021-06-01,2023-05-31,150000.0,150000.0,0.4,486,244945.0,63.29666666666667,27.852072475620382,-43.10367198650577,24.62908237624402,0.8029301761717726,137655.00000000003,61.673335692911614,39.70068142971053,0,0,0,13560.0,188.0,49.35064935064935,0,0.0,0,0,1,1,0,stage772_am40_80_120_oi_monthly,244945.0,63.29666666666667,27.852072475620382,-43.10367198650577,0.8029301761717726,137655.00000000003,61.673335692911614,39.70068142971053,1.6329666666666667,,,,,2021-06,2021-06,2021,6,1,1,1,1,1,0,C,C,10.0,,,,roll_2y_2021_06,2,2021-06-01,2023-05-31,1,0,C
stage059_A_roll_2y_2022_01,A: Stage037 Top8+fu（9品种）,stage059_A_roll_2y_2022_01,roll_2y_2022_01,2022-01-01 independent start to 2023-12-31,rolling_2y,2022-01-04,2023-12-29,150000.0,150000.0,0.4,484,124935.0,-16.71,-8.811520055499688,-40.48677546426561,27.60709992142832,-0.0706358195697603,98570.0,64.62988691437803,43.00931226254631,0,0,0,6010.0,118.0,47.11111111111111,0,0.0,0,0,1,1,0,stage772_am40_80_120_oi_monthly,124935.0,-16.71,-8.811520055499688,-40.48677546426561,-0.0706358195697603,98570.0,64.62988691437803,43.00931226254631,0.8329,,,,,2022-01,2022-01,2022,1,0,1,1,1,1,0,stage059_A_roll_2y_2022_01,A,,,,,roll_2y_2022_01,2,2022-01-01,2023-12-31,1,0,A
stage063_B_roll_2y_2022_01,B: Top9+fu（10品种）,stage063_B_roll_2y_2022_01,roll_2y_2022_01,2022-01-01 independent start to 2023-12-31,rolling_2y,2022-01-04,2023-12-29,150000.0,150000.0,0.4,484,142070.0,-5.286666666666662,-2.702950328758069,-40.1897369555843,22.7960994310177,0.12353140226284647,97090.0,70.56156765822227,50.93955794898535,0,0,0,7000.0,132.0,49.80237154150198,0,0.0,0,0,1,1,0,stage772_am40_80_120_oi_monthly,142070.0,-5.286666666666662,-2.702950328758069,-40.1897369555843,0.12353140226284647,97090.0,70.56156765822227,50.93955794898535,0.9471333333333334,,,,,2022-01,2022-01,2022,1,0,1,1,1,1,0,B,B,9.0,,,,roll_2y_2022_01,2,2022-01-01,2023-12-31,1,0,B
stage063_C_roll_2y_2022_01,C: Top10+fu（11品种）,stage063_C_roll_2y_2022_01,roll_2y_2022_01,2022-01-01 independent start to 2023-12-31,rolling_2y,2022-01-04,2023-12-29,150000.0,150000.0,0.4,484,137580.0,-8.279999999999998,-4.266590584334695,-42.06862563913016,23.44899607806371,0.09145070487894465,94040.0,86.3350365971551,50.56844141453546,0,0,0,7860.0,146.0,48.014440433213,0,0.0,0,0,1,1,0,stage772_am40_80_120_oi_monthly,137580.0,-8.279999999999998,-4.266590584334695,-42.06862563913016,0.09145070487894465,94040.0,86.3350365971551,50.56844141453546,0.9172,,,,,2022-01,2022-01,2022,1,0,1,1,1,1,0,C,C,10.0,,,,roll_2y_2022_01,2,2022-01-01,2023-12-31,1,0,C
stage059_A_roll_2y_2022_06,A: Stage037 Top8+fu（9品种）,stage059_A_roll_2y_2022_06,roll_2y_2022_06,2022-06-01 independent start to 2024-05-31,rolling_2y,2022-06-01,2024-05-31,150000.0,150000.0,0.4,486,284485.0,89.65666666666667,37.74608086572937,-52.44489443632984,35.14934616708769,0.9898117892288362,143255.0,83.42937186670598,54.59297546703613,0,0,0,11510.0,124.0,52.22672064777328,0,0.0,0,0,1,1,0,stage772_am40_80_120_oi_monthly,284485.0,89.65666666666667,37.74608086572937,-52.44489443632984,0.9898117892288362,143255.0,83.42937186670598,54.59297546703613,1.8965666666666667,,,,,2022-06,2022-06,2022,6,1,1,1,1,1,1,stage059_A_roll_2y_2022_06,A,,,,,roll_2y_2022_06,2,2022-06-01,2024-05-31,1,0,A
stage063_B_roll_2y_2022_06,B: Top9+fu（10品种）,stage063_B_roll_2y_2022_06,roll_2y_2022_06,2022-06-01 independent start to 2024-05-31,rolling_2y,2022-06-01,2024-05-31,150000.0,150000.0,0.4,486,313215.0,108.80999999999999,44.539034895671456,-44.049405306495885,27.00513674079774,1.1049600729832276,147930.0,93.86280537659026,56.789181079091406,0,1,0,14060.0,144.0,53.81818181818182,0,0.0,0,0,1,1,0,stage772_am40_80_120_oi_monthly,313215.0,108.80999999999999,44.539034895671456,-44.049405306495885,1.1049600729832276,147930.0,93.86280537659026,56.789181079091406,2.0881,,,,,2022-06,2022-06,2022,6,1,1,1,1,1,0,B,B,9.0,,,,roll_2y_2022_06,2,2022-06-01,2024-05-31,1,0,B
stage063_C_roll_2y_2022_06,C: Top10+fu（11品种）,stage063_C_roll_2y_2022_06,roll_2y_2022_06,2022-06-01 independent start to 2024-05-31,rolling_2y,2022-06-01,2024-05-31,150000.0,150000.0,0.4,486,342665.0,128.44333333333333,51.186186859683524,-45.616694740782336,25.357961462607378,1.1496047905509352,141830.0,105.65405926282823,66.47665600013967,1,1,0,15820.0,154.0,54.81727574750831,0,0.0,0,0,0,1,0,stage772_am40_80_120_oi_monthly,342665.0,128.44333333333333,51.186186859683524,-45.616694740782336,1.1496047905509352,141830.0,105.65405926282823,66.47665600013967,2.2844333333333333,,,,,2022-06,2022-06,2022,6,1,1,1,1,1,0,C,C,10.0,,,,roll_2y_2022_06,2,2022-06-01,2024-05-31,1,0,C
stage059_A_roll_2y_2023_01,A: Stage037 Top8+fu（9品种）,stage059_A_roll_2y_2023_01,roll_2y_2023_01,2023-01-01 independent start to 2024-12-31,rolling_2y,2023-01-03,2024-12-31,150000.0,150000.0,0.4,484,272705.0,81.80333333333334,34.97292691733382,-20.41310362173038,7.54493173319852,1.252317864769655,126575.0,59.86132717830351,50.38288640794913,0,0,0,11220.0,132.0,54.09836065573771,0,0.0,1,1,1,1,1,stage772_am40_80_120_oi_monthly,272705.0,81.80333333333334,34.97292691733382,-20.41310362173038,1.252317864769655,126575.0,59.86132717830351,50.38288640794913,1.8180333333333336,,,,,2023-01,2023-01,2023,1,1,1,1,1,0,0,stage059_A_roll_2y_2023_01,A,,,,,roll_2y_2023_01,2,2023-01-01,2024-12-31,1,0,A
stage063_B_roll_2y_2023_01,B: Top9+fu（10品种）,stage063_B_roll_2y_2023_01,roll_2y_2023_01,2023-01-01 independent start to 2024-12-31,rolling_2y,2023-01-03,2024-12-31,150000.0,150000.0,0.4,484,302470.0,101.64666666666666,42.17345468444049,-25.423234092235848,8.079152928203428,1.32255404202656,127750.0,70.38230406942901,52.88311308895105,0,0,0,14210.0,154.0,56.30769230769231,0,0.0,1,1,1,1,1,stage772_am40_80_120_oi_monthly,302470.0,101.64666666666666,42.17345468444049,-25.423234092235848,1.32255404202656,127750.0,70.38230406942901,52.88311308895105,2.0164666666666666,,,,,2023-01,2023-01,2023,1,1,1,1,1,0,0,B,B,9.0,,,,roll_2y_2023_01,2,2023-01-01,2024-12-31,1,0,B
stage063_C_roll_2y_2023_01,C: Top10+fu（11品种）,stage063_C_roll_2y_2023_01,roll_2y_2023_01,2023-01-01 independent start to 2024-12-31,rolling_2y,2023-01-03,2024-12-31,150000.0,150000.0,0.4,484,487055.00000000006,224.70333333333338,80.56002787536497,-26.182136602451845,7.857867831542926,1.9895039092822822,126450.0,70.89590873328086,56.35565442196171,0,0,0,19690.0,163.0,57.14285714285714,0,0.0,1,1,1,1,1,stage772_am40_80_120_oi_monthly,487055.00000000006,224.70333333333338,80.56002787536497,-26.182136602451845,1.9895039092822822,126450.0,70.89590873328086,56.35565442196171,3.247033333333334,,,,,2023-01,2023-01,2023,1,1,1,1,1,0,0,C,C,10.0,,,,roll_2y_2023_01,2,2023-01-01,2024-12-31,1,0,C
stage059_A_roll_2y_2023_06,A: Stage037 Top8+fu（9品种）,stage059_A_roll_2y_2023_06,roll_2y_2023_06,2023-06-01 independent start to 2025-05-31,rolling_2y,2023-06-01,2025-05-30,150000.0,150000.0,0.4,483,270145.0,80.09666666666666,34.281351389901225,-20.681373421099437,7.921249120985993,1.2007676770554396,137905.0,66.81402748181353,50.29708372460232,0,0,0,13540.0,150.0,52.88753799392097,0,0.0,1,1,1,1,1,stage772_am40_80_120_oi_monthly,270145.0,80.09666666666666,34.281351389901225,-20.681373421099437,1.2007676770554396,137905.0,66.81402748181353,50.29708372460232,1.8009666666666666,,,,,2023-06,2023-06,2023,6,1,1,1,1,0,0,stage059_A_roll_2y_2023_06,A,,,,,roll_2y_2023_06,2,2023-06-01,2025-05-31,1,0,A
stage063_B_roll_2y_2023_06,B: Top9+fu（10品种）,stage063_B_roll_2y_2023_06,roll_2y_2023_06,2023-06-01 independent start to 2025-05-31,rolling_2y,2023-06-01,2025-05-30,150000.0,150000.0,0.4,483,294650.0,96.43333333333332,40.25206196305204,-23.555401814493926,8.686467881617135,1.2579643543913852,135660.0,73.04927989064102,56.29954338902533,0,0,0,17210.0,164.0,54.02985074626866,0,0.0,1,1,1,1,1,stage772_am40_80_120_oi_monthly,294650.0,96.43333333333332,40.25206196305204,-23.555401814493926,1.2579643543913852,135660.0,73.04927989064102,56.29954338902533,1.9643333333333333,,,,,2023-06,2023-06,2023,6,1,1,1,1,0,0,B,B,9.0,,,,roll_2y_2023_06,2,2023-06-01,2025-05-31,1,0,B
stage063_C_roll_2y_2023_06,C: Top10+fu（11品种）,stage063_C_roll_2y_2023_06,roll_2y_2023_06,2023-06-01 independent start to 2025-05-31,rolling_2y,2023-06-01,2025-05-30,150000.0,150000.0,0.4,483,460545.00000000006,207.03000000000006,75.42505490590142,-26.517460853332796,9.261411749200713,1.8912057501859356,134020.0,69.84869729985786,53.35866495964181,0,0,0,24890.0,176.0,54.26136363636363,0,0.0,1,1,1,1,1,stage772_am40_80_120_oi_monthly,460545.00000000006,207.03000000000006,75.42505490590142,-26.517460853332796,1.8912057501859356,134020.0,69.84869729985786,53.35866495964181,3.0703000000000005,,,,,2023-06,2023-06,2023,6,1,1,1,1,0,0,C,C,10.0,,,,roll_2y_2023_06,2,2023-06-01,2025-05-31,1,0,C
stage059_A_roll_2y_2024_01,A: Stage037 Top8+fu（9品种）,stage059_A_roll_2y_2024_01,roll_2y_2024_01,2024-01-01 independent start to 2025-12-31,rolling_2y,2024-01-02,2025-12-31,150000.0,150000.0,0.4,485,367621.2,145.08079999999998,56.69501077937815,-23.41533833183689,11.652231573903432,1.430660363281827,150000.0,57.10918857789088,46.458858088169606,0,0,0,17010.0,146.0,52.20338983050847,0,0.0,1,1,1,1,1,stage772_am40_80_120_oi_monthly,367621.2,145.08079999999998,56.69501077937815,-23.41533833183689,1.430660363281827,150000.0,57.10918857789088,46.458858088169606,2.450808,,,,,2024-01,2024-01,2024,1,1,1,1,1,0,0,stage059_A_roll_2y_2024_01,A,,,,,roll_2y_2024_01,2,2024-01-01,2025-12-31,1,0,A
stage063_B_roll_2y_2024_01,B: Top9+fu（10品种）,stage063_B_roll_2y_2024_01,roll_2y_2024_01,2024-01-01 independent start to 2025-12-31,rolling_2y,2024-01-02,2025-12-31,150000.0,150000.0,0.4,485,433746.60000000003,189.16440000000003,70.23421055084857,-24.077949802677313,11.484702206406585,1.626156298286074,150000.0,65.46706746346031,49.8916154601911,0,0,0,20580.0,151.0,53.156146179402,0,0.0,1,1,1,1,1,stage772_am40_80_120_oi_monthly,433746.60000000003,189.16440000000003,70.23421055084857,-24.077949802677313,1.626156298286074,150000.0,65.46706746346031,49.8916154601911,2.8916440000000003,,,,,2024-01,2024-01,2024,1,1,1,1,1,0,0,B,B,9.0,,,,roll_2y_2024_01,2,2024-01-01,2025-12-31,1,0,B
stage063_C_roll_2y_2024_01,C: Top10+fu（11品种）,stage063_C_roll_2y_2024_01,roll_2y_2024_01,2024-01-01 independent start to 2025-12-31,rolling_2y,2024-01-02,2025-12-31,150000.0,150000.0,0.4,485,601709.7000000002,301.13980000000015,100.57119011922997,-24.58216240201153,12.7022433763177,2.0031448057038372,150000.0,64.28225426687128,50.688031105878466,0,0,0,30210.0,160.0,53.72670807453416,0,0.0,1,1,1,1,1,stage772_am40_80_120_oi_monthly,601709.7000000002,301.13980000000015,100.57119011922997,-24.58216240201153,2.0031448057038372,150000.0,64.28225426687128,50.688031105878466,4.011398000000002,,,,,2024-01,2024-01,2024,1,1,1,1,1,0,0,C,C,10.0,,,,roll_2y_2024_01,2,2024-01-01,2025-12-31,1,0,C
stage059_A_roll_2y_2024_06,A: Stage037 Top8+fu（9品种）,stage059_A_roll_2y_2024_06,roll_2y_2024_06,2024-06-01 independent start to 2026-05-31,rolling_2y,2024-06-03,2026-05-29,150000.0,150000.0,0.4,482,250492.80000000005,66.99520000000004,29.478223898925513,-22.345262177983848,11.64890593414752,0.9678135448542552,144110.0,58.61832797427653,43.97657294602253,0,0,0,11260.0,114.0,50.638297872340424,0,0.0,1,1,1,1,1,stage772_am40_80_120_oi_monthly,250492.80000000005,66.99520000000004,29.478223898925513,-22.345262177983848,0.9678135448542552,144110.0,58.61832797427653,43.97657294602253,1.6699520000000003,,,,,2024-06,2024-06,2024,6,1,1,1,1,0,0,stage059_A_roll_2y_2024_06,A,,,,,roll_2y_2024_06,2,2024-06-01,2026-05-31,1,0,A
stage063_B_roll_2y_2024_06,B: Top9+fu（10品种）,stage063_B_roll_2y_2024_06,roll_2y_2024_06,2024-06-01 independent start to 2026-05-31,rolling_2y,2024-06-03,2026-05-29,150000.0,150000.0,0.4,482,263265.9000000001,75.51060000000005,32.763393092426064,-20.145584281632022,10.818079367718363,1.0353780212282846,144110.0,58.61832797427653,47.2613872848052,0,0,0,12740.0,120.0,51.037344398340245,0,0.0,1,1,1,1,1,stage772_am40_80_120_oi_monthly,263265.9000000001,75.51060000000005,32.763393092426064,-20.145584281632022,1.0353780212282846,144110.0,58.61832797427653,47.2613872848052,1.7551060000000005,,,,,2024-06,2024-06,2024,6,1,1,1,1,0,0,B,B,9.0,,,,roll_2y_2024_06,2,2024-06-01,2026-05-31,1,0,B
stage063_C_roll_2y_2024_06,C: Top10+fu（11品种）,stage063_C_roll_2y_2024_06,roll_2y_2024_06,2024-06-01 independent start to 2026-05-31,rolling_2y,2024-06-03,2026-05-29,150000.0,150000.0,0.4,482,426292.5000000001,184.19500000000005,69.25005967911973,-22.555294626914126,11.48560577604954,1.654176358282722,144110.0,59.49516304803421,49.13399385965696,0,0,0,21110.0,148.0,51.41843971631206,0,0.0,1,1,1,1,1,stage772_am40_80_120_oi_monthly,426292.5000000001,184.19500000000005,69.25005967911973,-22.555294626914126,1.654176358282722,144110.0,59.49516304803421,49.13399385965696,2.8419500000000006,,,,,2024-06,2024-06,2024,6,1,1,1,1,0,0,C,C,10.0,,,,roll_2y_2024_06,2,2024-06-01,2026-05-31,1,0,C
stage059_A_roll_3y_2018_01,A: Stage037 Top8+fu（9品种）,stage059_A_roll_3y_2018_01,roll_3y_2018_01,2018-01-01 independent start to 2020-12-31,rolling_3y,2018-01-02,2020-12-31,150000.0,150000.0,0.4,730,736706.2000000002,391.1374666666668,70.12556452077156,-26.682005551630517,8.176885081499195,1.725771707125566,122871.30000000005,93.58070146346672,64.65252045682698,0,1,0,40330.0,261.0,53.67088607594936,0,0.0,1,1,1,1,1,stage772_am40_80_120_oi_monthly,736706.2000000002,391.1374666666668,70.12556452077156,-26.682005551630517,1.725771707125566,122871.30000000005,93.58070146346672,64.65252045682698,4.911374666666668,,,,,2018-01,2018-01,2018,1,1,1,1,1,0,0,stage059_A_roll_3y_2018_01,A,,,,,roll_3y_2018_01,3,2018-01-01,2020-12-31,1,0,A
stage063_B_roll_3y_2018_01,B: Top9+fu（10品种）,stage063_B_roll_3y_2018_01,roll_3y_2018_01,2018-01-01 independent start to 2020-12-31,rolling_3y,2018-01-02,2020-12-31,150000.0,150000.0,0.4,730,736706.2000000002,391.1374666666668,70.12556452077156,-26.682005551630517,8.176885081499195,1.725771707125566,122871.30000000003,93.58070146346671,64.65252045682698,0,1,0,40330.0,261.0,53.67088607594936,0,0.0,1,1,1,1,1,stage772_am40_80_120_oi_monthly,736706.2000000002,391.1374666666668,70.12556452077156,-26.682005551630517,1.725771707125566,122871.30000000003,93.58070146346671,64.65252045682698,4.911374666666668,,,,,2018-01,2018-01,2018,1,1,1,1,1,0,0,B,B,9.0,,,,roll_3y_2018_01,3,2018-01-01,2020-12-31,1,0,B
stage063_C_roll_3y_2018_01,C: Top10+fu（11品种）,stage063_C_roll_3y_2018_01,roll_3y_2018_01,2018-01-01 independent start to 2020-12-31,rolling_3y,2018-01-02,2020-12-31,150000.0,150000.0,0.4,730,736706.2000000002,391.1374666666668,70.12556452077156,-26.682005551630517,8.176885081499195,1.725771707125566,122871.30000000003,93.58070146346671,64.65252045682698,0,1,0,40330.0,261.0,53.67088607594936,0,0.0,1,1,1,1,1,stage772_am40_80_120_oi_monthly,736706.2000000002,391.1374666666668,70.12556452077156,-26.682005551630517,1.725771707125566,122871.30000000003,93.58070146346671,64.65252045682698,4.911374666666668,,,,,2018-01,2018-01,2018,1,1,1,1,1,0,0,C,C,10.0,,,,roll_3y_2018_01,3,2018-01-01,2020-12-31,1,0,C
stage059_A_roll_3y_2018_06,A: Stage037 Top8+fu（9品种）,stage059_A_roll_3y_2018_06,roll_3y_2018_06,2018-06-01 independent start to 2021-05-31,rolling_3y,2018-06-01,2021-05-31,150000.0,150000.0,0.4,728,1885491.9000000004,1156.9946000000002,132.64593043206446,-26.426310244459227,8.301799512440718,2.2437274450518614,136107.70000000007,81.74788402817866,67.41567268101797,0,0,0,57950.0,288.0,56.29139072847682,0,0.0,1,1,1,1,1,stage772_am40_80_120_oi_monthly,1885491.9000000004,1156.9946000000002,132.64593043206446,-26.426310244459227,2.2437274450518614,136107.70000000007,81.74788402817866,67.41567268101797,12.569946000000002,,,,,2018-06,2018-06,2018,6,1,1,1,1,0,0,stage059_A_roll_3y_2018_06,A,,,,,roll_3y_2018_06,3,2018-06-01,2021-05-31,1,0,A
stage063_B_roll_3y_2018_06,B: Top9+fu（10品种）,stage063_B_roll_3y_2018_06,roll_3y_2018_06,2018-06-01 independent start to 2021-05-31,rolling_3y,2018-06-01,2021-05-31,150000.0,150000.0,0.4,728,1885491.9000000004,1156.9946000000002,132.64593043206446,-26.426310244459227,8.301799512440718,2.2437274450518614,136107.70000000007,81.74788402817866,67.41567268101797,0,0,0,57950.0,288.0,56.29139072847682,0,0.0,1,1,1,1,1,stage772_am40_80_120_oi_monthly,1885491.9000000004,1156.9946000000002,132.64593043206446,-26.426310244459227,2.2437274450518614,136107.70000000007,81.74788402817866,67.41567268101797,12.569946000000002,,,,,2018-06,2018-06,2018,6,1,1,1,1,0,0,B,B,9.0,,,,roll_3y_2018_06,3,2018-06-01,2021-05-31,1,0,B
stage063_C_roll_3y_2018_06,C: Top10+fu（11品种）,stage063_C_roll_3y_2018_06,roll_3y_2018_06,2018-06-01 independent start to 2021-05-31,rolling_3y,2018-06-01,2021-05-31,150000.0,150000.0,0.4,728,1885491.9000000004,1156.9946000000002,132.64593043206446,-26.426310244459227,8.301799512440718,2.2437274450518614,136107.70000000007,81.74788402817866,67.41567268101797,0,0,0,57950.0,288.0,56.29139072847682,0,0.0,1,1,1,1,1,stage772_am40_80_120_oi_monthly,1885491.9000000004,1156.9946000000002,132.64593043206446,-26.426310244459227,2.2437274450518614,136107.70000000007,81.74788402817866,67.41567268101797,12.569946000000002,,,,,2018-06,2018-06,2018,6,1,1,1,1,0,0,C,C,10.0,,,,roll_3y_2018_06,3,2018-06-01,2021-05-31,1,0,C
stage059_A_roll_3y_2019_01,A: Stage037 Top8+fu（9品种）,stage059_A_roll_3y_2019_01,roll_3y_2019_01,2019-01-01 independent start to 2021-12-31,rolling_3y,2019-01-02,2021-12-31,150000.0,150000.0,0.4,730,4150973.5,2667.315666666667,203.0087404537005,-30.443310158406376,11.673240489315711,2.464684115466079,127289.50000000004,91.05251610722505,62.73238241910325,0,1,0,128300.0,338.0,57.47126436781609,0,0.0,0,1,1,1,1,stage772_am40_80_120_oi_monthly,4150973.5,2667.315666666667,203.0087404537005,-30.443310158406376,2.464684115466079,127289.50000000004,91.05251610722505,62.73238241910325,27.673156666666667,,,,,2019-01,2019-01,2019,1,1,1,1,1,0,0,stage059_A_roll_3y_2019_01,A,,,,,roll_3y_2019_01,3,2019-01-01,2021-12-31,1,0,A
stage063_B_roll_3y_2019_01,B: Top9+fu（10品种）,stage063_B_roll_3y_2019_01,roll_3y_2019_01,2019-01-01 independent start to 2021-12-31,rolling_3y,2019-01-02,2021-12-31,150000.0,150000.0,0.4,730,4150973.5,2667.315666666667,203.0087404537005,-30.443310158406376,11.673240489315713,2.464684115466079,127289.50000000003,91.05251610722503,62.73238241910325,0,1,0,128300.0,338.0,57.47126436781609,0,0.0,0,1,1,1,1,stage772_am40_80_120_oi_monthly,4150973.5,2667.315666666667,203.0087404537005,-30.443310158406376,2.464684115466079,127289.50000000003,91.05251610722503,62.73238241910325,27.673156666666667,,,,,2019-01,2019-01,2019,1,1,1,1,1,0,0,B,B,9.0,,,,roll_3y_2019_01,3,2019-01-01,2021-12-31,1,0,B
stage063_C_roll_3y_2019_01,C: Top10+fu（11品种）,stage063_C_roll_3y_2019_01,roll_3y_2019_01,2019-01-01 independent start to 2021-12-31,rolling_3y,2019-01-02,2021-12-31,150000.0,150000.0,0.4,730,4150973.5,2667.315666666667,203.0087404537005,-30.443310158406376,11.673240489315713,2.464684115466079,127289.50000000003,91.05251610722503,62.73238241910325,0,1,0,128300.0,338.0,57.47126436781609,0,0.0,0,1,1,1,1,stage772_am40_80_120_oi_monthly,4150973.5,2667.315666666667,203.0087404537005,-30.443310158406376,2.464684115466079,127289.50000000003,91.05251610722503,62.73238241910325,27.673156666666667,,,,,2019-01,2019-01,2019,1,1,1,1,1,0,0,C,C,10.0,,,,roll_3y_2019_01,3,2019-01-01,2021-12-31,1,0,C
stage059_A_roll_3y_2019_06,A: Stage037 Top8+fu（9品种）,stage059_A_roll_3y_2019_06,roll_3y_2019_06,2019-06-01 independent start to 2022-05-31,rolling_3y,2019-06-03,2022-05-31,150000.0,150000.0,0.4,727,3019429.5999999996,1912.9530666666665,172.71228545258649,-40.98311618444674,14.926266368759412,2.2725442044520383,141329.0,79.88024765067189,57.882328297488954,0,0,0,188210.0,353.0,57.2202166064982,0,0.0,0,0,1,1,0,stage772_am40_80_120_oi_monthly,3019429.5999999996,1912.9530666666665,172.71228545258649,-40.98311618444674,2.2725442044520383,141329.0,79.88024765067189,57.882328297488954,20.129530666666664,,,,,2019-06,2019-06,2019,6,1,1,1,1,1,0,stage059_A_roll_3y_2019_06,A,,,,,roll_3y_2019_06,3,2019-06-01,2022-05-31,1,0,A
stage063_B_roll_3y_2019_06,B: Top9+fu（10品种）,stage063_B_roll_3y_2019_06,roll_3y_2019_06,2019-06-01 independent start to 2022-05-31,rolling_3y,2019-06-03,2022-05-31,150000.0,150000.0,0.4,727,2940709.5999999996,1860.4730666666665,170.31542267896847,-42.52175417552968,15.099867169229377,2.2537699434451643,141329.0,79.88024765067189,58.018900949032385,0,0,0,189420.0,355.0,57.03971119133574,0,0.0,0,0,1,1,0,stage772_am40_80_120_oi_monthly,2940709.5999999996,1860.4730666666665,170.31542267896847,-42.52175417552968,2.2537699434451643,141329.0,79.88024765067189,58.018900949032385,19.604730666666665,,,,,2019-06,2019-06,2019,6,1,1,1,1,1,0,B,B,9.0,,,,roll_3y_2019_06,3,2019-06-01,2022-05-31,1,0,B
stage063_C_roll_3y_2019_06,C: Top10+fu（11品种）,stage063_C_roll_3y_2019_06,roll_3y_2019_06,2019-06-01 independent start to 2022-05-31,rolling_3y,2019-06-03,2022-05-31,150000.0,150000.0,0.4,727,2940709.5999999996,1860.4730666666665,170.31542267896847,-42.52175417552968,15.099867169229377,2.2537699434451643,141329.0,79.88024765067189,58.018900949032385,0,0,0,189420.0,355.0,57.03971119133574,0,0.0,0,0,1,1,0,stage772_am40_80_120_oi_monthly,2940709.5999999996,1860.4730666666665,170.31542267896847,-42.52175417552968,2.2537699434451643,141329.0,79.88024765067189,58.018900949032385,19.604730666666665,,,,,2019-06,2019-06,2019,6,1,1,1,1,1,0,C,C,10.0,,,,roll_3y_2019_06,3,2019-06-01,2022-05-31,1,0,C
stage059_A_roll_3y_2020_01,A: Stage037 Top8+fu（9品种）,stage059_A_roll_3y_2020_01,roll_3y_2020_01,2020-01-01 independent start to 2022-12-31,rolling_3y,2020-01-02,2022-12-30,150000.0,150000.0,0.4,728,1997767.2000000004,1231.8448000000003,137.55321859115597,-43.55105310326064,19.78399959875115,1.9689640869247476,141520.0,69.05850384569503,56.39272580682188,0,0,0,110240.0,328.0,55.6420233463035,0,0.0,0,0,1,1,0,stage772_am40_80_120_oi_monthly,1997767.2000000004,1231.8448000000003,137.55321859115597,-43.55105310326064,1.9689640869247476,141520.0,69.05850384569503,56.39272580682188,13.318448000000004,,,,,2020-01,2020-01,2020,1,1,1,1,1,1,0,stage059_A_roll_3y_2020_01,A,,,,,roll_3y_2020_01,3,2020-01-01,2022-12-31,1,0,A
stage063_B_roll_3y_2020_01,B: Top9+fu（10品种）,stage063_B_roll_3y_2020_01,roll_3y_2020_01,2020-01-01 independent start to 2022-12-31,rolling_3y,2020-01-02,2022-12-30,150000.0,150000.0,0.4,728,1891227.2000000004,1160.8181333333337,133.24225594433213,-45.92157323451009,20.535056830540075,1.900468094684736,141520.0,78.23706241114513,58.467400764676704,0,0,0,113020.0,332.0,55.66218809980806,0,0.0,0,0,1,1,0,stage772_am40_80_120_oi_monthly,1891227.2000000004,1160.8181333333337,133.24225594433213,-45.92157323451009,1.900468094684736,141520.0,78.23706241114513,58.467400764676704,12.608181333333336,,,,,2020-01,2020-01,2020,1,1,1,1,1,1,0,B,B,9.0,,,,roll_3y_2020_01,3,2020-01-01,2022-12-31,1,0,B
stage063_C_roll_3y_2020_01,C: Top10+fu（11品种）,stage063_C_roll_3y_2020_01,roll_3y_2020_01,2020-01-01 independent start to 2022-12-31,rolling_3y,2020-01-02,2022-12-30,150000.0,150000.0,0.4,728,1937917.2000000007,1191.9448000000004,135.15088636351518,-45.92157323451009,20.790716815014836,1.9232808611337597,141520.0,74.97326904412057,58.207442988289,0,0,0,120000.0,344.0,55.283018867924525,0,0.0,0,0,1,1,0,stage772_am40_80_120_oi_monthly,1937917.2000000007,1191.9448000000004,135.15088636351518,-45.92157323451009,1.9232808611337597,141520.0,74.97326904412057,58.207442988289,12.919448000000004,,,,,2020-01,2020-01,2020,1,1,1,1,1,1,0,C,C,10.0,,,,roll_3y_2020_01,3,2020-01-01,2022-12-31,1,0,C
stage059_A_roll_3y_2020_06,A: Stage037 Top8+fu（9品种）,stage059_A_roll_3y_2020_06,roll_3y_2020_06,2020-06-01 independent start to 2023-05-31,rolling_3y,2020-06-01,2023-05-31,150000.0,150000.0,0.4,729,2075216.1,1283.4774000000002,140.39885919011903,-43.649920696916546,21.040170688510187,1.9519724592203664,146400.0,73.79770802125178,58.43213488317546,0,0,0,144040.0,307.0,55.05154639175258,0,0.0,0,0,1,1,0,stage772_am40_80_120_oi_monthly,2075216.1,1283.4774000000002,140.39885919011903,-43.649920696916546,1.9519724592203664,146400.0,73.79770802125178,58.43213488317546,13.834774,,,,,2020-06,2020-06,2020,6,1,1,1,1,1,0,stage059_A_roll_3y_2020_06,A,,,,,roll_3y_2020_06,3,2020-06-01,2023-05-31,1,0,A
stage063_B_roll_3y_2020_06,B: Top9+fu（10品种）,stage063_B_roll_3y_2020_06,roll_3y_2020_06,2020-06-01 independent start to 2023-05-31,rolling_3y,2020-06-01,2023-05-31,150000.0,150000.0,0.4,729,2286961.1000000006,1424.6407333333336,148.32477538026473,-46.921826937806884,21.56867016234634,1.9992757094479487,146400.0,75.80680182967042,59.715741553374265,0,0,0,151760.0,316.0,55.82329317269076,0,0.0,0,0,1,1,0,stage772_am40_80_120_oi_monthly,2286961.1000000006,1424.6407333333336,148.32477538026473,-46.921826937806884,1.9992757094479487,146400.0,75.80680182967042,59.715741553374265,15.246407333333337,,,,,2020-06,2020-06,2020,6,1,1,1,1,1,0,B,B,9.0,,,,roll_3y_2020_06,3,2020-06-01,2023-05-31,1,0,B
stage063_C_roll_3y_2020_06,C: Top10+fu（11品种）,stage063_C_roll_3y_2020_06,roll_3y_2020_06,2020-06-01 independent start to 2023-05-31,rolling_3y,2020-06-01,2023-05-31,150000.0,150000.0,0.4,729,2365611.1,1477.0740666666666,151.14396039923744,-46.06924485481937,21.849688039966562,2.003461280015673,146400.0,78.90895451765067,59.97366560072108,0,0,0,164910.0,328.0,55.7504873294347,0,0.0,0,0,1,1,0,stage772_am40_80_120_oi_monthly,2365611.1,1477.0740666666666,151.14396039923744,-46.06924485481937,2.003461280015673,146400.0,78.90895451765067,59.97366560072108,15.770740666666667,,,,,2020-06,2020-06,2020,6,1,1,1,1,1,0,C,C,10.0,,,,roll_3y_2020_06,3,2020-06-01,2023-05-31,1,0,C
stage059_A_roll_3y_2021_01,A: Stage037 Top8+fu（9品种）,stage059_A_roll_3y_2021_01,roll_3y_2021_01,2021-01-01 independent start to 2023-12-31,rolling_3y,2021-01-04,2023-12-29,150000.0,150000.0,0.4,727,790321.7999999999,426.8812,74.60715767593611,-42.435907154063166,24.932540686736505,1.3852736234819327,150000.0,76.51221302023275,56.190666911201184,0,0,0,70970.0,268.0,53.34821428571429,0,0.0,0,0,1,1,0,stage772_am40_80_120_oi_monthly,790321.7999999999,426.8812,74.60715767593611,-42.435907154063166,1.3852736234819327,150000.0,76.51221302023275,56.190666911201184,5.268812,,,,,2021-01,2021-01,2021,1,1,1,1,1,1,0,stage059_A_roll_3y_2021_01,A,,,,,roll_3y_2021_01,3,2021-01-01,2023-12-31,1,0,A
stage063_B_roll_3y_2021_01,B: Top9+fu（10品种）,stage063_B_roll_3y_2021_01,roll_3y_2021_01,2021-01-01 independent start to 2023-12-31,rolling_3y,2021-01-04,2023-12-29,150000.0,150000.0,0.4,727,720651.7999999999,380.4345333333333,69.28549225198091,-43.62682000403078,24.59584700167314,1.3288546870490618,150000.0,77.69623622369853,56.96603958786622,0,0,0,75130.0,281.0,52.78396436525612,0,0.0,0,0,1,1,0,stage772_am40_80_120_oi_monthly,720651.7999999999,380.4345333333333,69.28549225198091,-43.62682000403078,1.3288546870490618,150000.0,77.69623622369853,56.96603958786622,4.804345333333333,,,,,2021-01,2021-01,2021,1,1,1,1,1,1,0,B,B,9.0,,,,roll_3y_2021_01,3,2021-01-01,2023-12-31,1,0,B
stage063_C_roll_3y_2021_01,C: Top10+fu（11品种）,stage063_C_roll_3y_2021_01,roll_3y_2021_01,2021-01-01 independent start to 2023-12-31,rolling_3y,2021-01-04,2023-12-29,150000.0,150000.0,0.4,727,840866.7999999999,460.5778666666666,78.27567274221153,-46.092171265841564,22.74139479506501,1.413745868195187,150000.0,95.86333224572338,59.75289684911933,0,2,0,84940.0,303.0,52.81837160751566,0,0.0,0,0,1,1,0,stage772_am40_80_120_oi_monthly,840866.7999999999,460.5778666666666,78.27567274221153,-46.092171265841564,1.413745868195187,150000.0,95.86333224572338,59.75289684911933,5.605778666666666,,,,,2021-01,2021-01,2021,1,1,1,1,1,1,0,C,C,10.0,,,,roll_3y_2021_01,3,2021-01-01,2023-12-31,1,0,C
stage059_A_roll_3y_2021_06,A: Stage037 Top8+fu（9品种）,stage059_A_roll_3y_2021_06,roll_3y_2021_06,2021-06-01 independent start to 2024-05-31,rolling_3y,2021-06-01,2024-05-31,150000.0,150000.0,0.4,728,292945.0,95.29666666666668,25.01572551685227,-47.822326023960905,32.770984425318495,0.7943130972271718,137655.00000000003,61.673335692911614,41.482148929681514,0,0,0,18880.0,249.0,50.80831408775982,0,0.0,0,0,1,1,0,stage772_am40_80_120_oi_monthly,292945.0,95.29666666666668,25.01572551685227,-47.822326023960905,0.7943130972271718,137655.00000000003,61.673335692911614,41.482148929681514,1.9529666666666667,,,,,2021-06,2021-06,2021,6,1,1,1,1,1,0,stage059_A_roll_3y_2021_06,A,,,,,roll_3y_2021_06,3,2021-06-01,2024-05-31,1,0,A
stage063_B_roll_3y_2021_06,B: Top9+fu（10品种）,stage063_B_roll_3y_2021_06,roll_3y_2021_06,2021-06-01 independent start to 2024-05-31,rolling_3y,2021-06-01,2024-05-31,150000.0,150000.0,0.4,728,447220.0,198.14666666666665,43.963248133516245,-41.34480919222063,23.692146699956638,1.1288468005967098,137655.00000000003,78.38986452584045,45.32868829381561,0,0,0,24530.0,270.0,52.57510729613733,0,0.0,0,0,1,1,0,stage772_am40_80_120_oi_monthly,447220.0,198.14666666666665,43.963248133516245,-41.34480919222063,1.1288468005967098,137655.00000000003,78.38986452584045,45.32868829381561,2.9814666666666665,,,,,2021-06,2021-06,2021,6,1,1,1,1,1,0,B,B,9.0,,,,roll_3y_2021_06,3,2021-06-01,2024-05-31,1,0,B
stage063_C_roll_3y_2021_06,C: Top10+fu（11品种）,stage063_C_roll_3y_2021_06,roll_3y_2021_06,2021-06-01 independent start to 2024-05-31,rolling_3y,2021-06-01,2024-05-31,150000.0,150000.0,0.4,728,348915.0,132.60999999999999,32.52358186600321,-43.10367198650577,27.226928324629576,0.9178634406727753,137655.00000000003,74.84084353804487,43.57147025256702,0,0,0,24490.0,285.0,50.317124735729394,0,0.0,0,0,1,1,0,stage772_am40_80_120_oi_monthly,348915.0,132.60999999999999,32.52358186600321,-43.10367198650577,0.9178634406727753,137655.00000000003,74.84084353804487,43.57147025256702,2.3261,,,,,2021-06,2021-06,2021,6,1,1,1,1,1,0,C,C,10.0,,,,roll_3y_2021_06,3,2021-06-01,2024-05-31,1,0,C
stage059_A_roll_3y_2022_01,A: Stage037 Top8+fu（9品种）,stage059_A_roll_3y_2022_01,roll_3y_2022_01,2022-01-01 independent start to 2024-12-31,rolling_3y,2022-01-04,2024-12-31,150000.0,150000.0,0.4,726,218635.00000000003,45.75666666666669,13.430569583559038,-40.48677546426561,24.395268773580963,0.542739452434003,98570.0,64.62988691437803,49.40669305360208,0,0,0,12790.0,198.0,51.105651105651106,0,0.0,0,0,1,1,0,stage772_am40_80_120_oi_monthly,218635.00000000003,45.75666666666669,13.430569583559038,-40.48677546426561,0.542739452434003,98570.0,64.62988691437803,49.40669305360208,1.457566666666667,,,,,2022-01,2022-01,2022,1,1,1,1,1,1,0,stage059_A_roll_3y_2022_01,A,,,,,roll_3y_2022_01,3,2022-01-01,2024-12-31,1,0,A
stage063_B_roll_3y_2022_01,B: Top9+fu（10品种）,stage063_B_roll_3y_2022_01,roll_3y_2022_01,2022-01-01 independent start to 2024-12-31,rolling_3y,2022-01-04,2024-12-31,150000.0,150000.0,0.4,726,286210.0,90.80666666666666,24.12303144714607,-40.1897369555843,19.611692999182715,0.7763864559124641,97090.0,74.32047236761227,55.04497169093776,0,0,0,16920.0,218.0,53.075170842824605,0,0.0,0,0,1,1,0,stage772_am40_80_120_oi_monthly,286210.0,90.80666666666666,24.12303144714607,-40.1897369555843,0.7763864559124641,97090.0,74.32047236761227,55.04497169093776,1.9080666666666666,,,,,2022-01,2022-01,2022,1,1,1,1,1,1,0,B,B,9.0,,,,roll_3y_2022_01,3,2022-01-01,2024-12-31,1,0,B
stage063_C_roll_3y_2022_01,C: Top10+fu（11品种）,stage063_C_roll_3y_2022_01,roll_3y_2022_01,2022-01-01 independent start to 2024-12-31,rolling_3y,2022-01-04,2024-12-31,150000.0,150000.0,0.4,726,454275.00000000006,202.85000000000002,44.8638584349311,-42.06862563913016,20.147726381490717,1.1428072443068067,94040.0,86.3350365971551,55.32413876962297,0,0,0,22840.0,236.0,52.5987525987526,0,0.0,0,0,1,1,0,stage772_am40_80_120_oi_monthly,454275.00000000006,202.85000000000002,44.8638584349311,-42.06862563913016,1.1428072443068067,94040.0,86.3350365971551,55.32413876962297,3.0285,,,,,2022-01,2022-01,2022,1,1,1,1,1,1,0,C,C,10.0,,,,roll_3y_2022_01,3,2022-01-01,2024-12-31,1,0,C
stage059_A_roll_3y_2022_06,A: Stage037 Top8+fu（9品种）,stage059_A_roll_3y_2022_06,roll_3y_2022_06,2022-06-01 independent start to 2025-05-31,rolling_3y,2022-06-01,2025-05-30,150000.0,150000.0,0.4,727,364055.00000000006,142.70333333333335,34.45095989176474,-52.44489443632984,29.392004462213315,0.970395118274958,143255.0,83.42937186670598,60.31215121988822,0,0,0,26100.0,203.0,51.213592233009706,0,0.0,0,0,1,1,0,stage772_am40_80_120_oi_monthly,364055.00000000006,142.70333333333335,34.45095989176474,-52.44489443632984,0.970395118274958,143255.0,83.42937186670598,60.31215121988822,2.4270333333333336,,,,,2022-06,2022-06,2022,6,1,1,1,1,1,1,stage059_A_roll_3y_2022_06,A,,,,,roll_3y_2022_06,3,2022-06-01,2025-05-31,1,0,A
stage063_B_roll_3y_2022_06,B: Top9+fu（10品种）,stage063_B_roll_3y_2022_06,roll_3y_2022_06,2022-06-01 independent start to 2025-05-31,rolling_3y,2022-06-01,2025-05-30,150000.0,150000.0,0.4,727,397210.00000000006,164.80666666666673,38.42094676627297,-44.049405306495885,22.922539613882037,1.0486311956424414,147930.0,93.86280537659026,59.28459926818067,0,1,0,30220.0,225.0,52.15419501133787,0,0.0,0,0,1,1,0,stage772_am40_80_120_oi_monthly,397210.00000000006,164.80666666666673,38.42094676627297,-44.049405306495885,1.0486311956424414,147930.0,93.86280537659026,59.28459926818067,2.6480666666666672,,,,,2022-06,2022-06,2022,6,1,1,1,1,1,0,B,B,9.0,,,,roll_3y_2022_06,3,2022-06-01,2025-05-31,1,0,B
stage063_C_roll_3y_2022_06,C: Top10+fu（11品种）,stage063_C_roll_3y_2022_06,roll_3y_2022_06,2022-06-01 independent start to 2025-05-31,rolling_3y,2022-06-01,2025-05-30,150000.0,150000.0,0.4,727,663100.0000000001,342.0666666666667,64.25052678005385,-45.616694740782336,21.778018597776075,1.3968722417823471,141830.0,105.65405926282823,64.89488753461742,1,1,0,45330.0,243.0,54.24430641821946,0,0.0,0,0,0,1,0,stage772_am40_80_120_oi_monthly,663100.0000000001,342.0666666666667,64.25052678005385,-45.616694740782336,1.3968722417823471,141830.0,105.65405926282823,64.89488753461742,4.420666666666667,,,,,2022-06,2022-06,2022,6,1,1,1,1,1,0,C,C,10.0,,,,roll_3y_2022_06,3,2022-06-01,2025-05-31,1,0,C
stage059_A_roll_3y_2023_01,A: Stage037 Top8+fu（9品种）,stage059_A_roll_3y_2023_01,roll_3y_2023_01,2023-01-01 independent start to 2025-12-31,rolling_3y,2023-01-03,2025-12-31,150000.0,150000.0,0.4,727,409891.6,173.2610666666667,39.92395256220169,-24.361360612109102,11.064683108839914,1.1673561067304334,126575.0,67.51226774079781,49.66144105140534,0,0,0,22650.0,197.0,52.39234449760766,0,0.0,1,1,1,1,1,stage772_am40_80_120_oi_monthly,409891.6,173.2610666666667,39.92395256220169,-24.361360612109102,1.1673561067304334,126575.0,67.51226774079781,49.66144105140534,2.732610666666667,,,,,2023-01,2023-01,2023,1,1,1,1,1,0,0,stage059_A_roll_3y_2023_01,A,,,,,roll_3y_2023_01,3,2023-01-01,2025-12-31,1,0,A
stage063_B_roll_3y_2023_01,B: Top9+fu（10品种）,stage063_B_roll_3y_2023_01,roll_3y_2023_01,2023-01-01 independent start to 2025-12-31,rolling_3y,2023-01-03,2025-12-31,150000.0,150000.0,0.4,727,465964.3000000001,210.64286666666675,46.04946601583044,-25.423234092235848,11.846273193426136,1.228051064940255,127750.0,75.12644686192468,51.97072844108057,0,0,0,28260.0,223.0,54.19501133786848,0,0.0,1,1,1,1,1,stage772_am40_80_120_oi_monthly,465964.3000000001,210.64286666666675,46.04946601583044,-25.423234092235848,1.228051064940255,127750.0,75.12644686192468,51.97072844108057,3.1064286666666674,,,,,2023-01,2023-01,2023,1,1,1,1,1,0,0,B,B,9.0,,,,roll_3y_2023_01,3,2023-01-01,2025-12-31,1,0,B
stage063_C_roll_3y_2023_01,C: Top10+fu（11品种）,stage063_C_roll_3y_2023_01,roll_3y_2023_01,2023-01-01 independent start to 2025-12-31,rolling_3y,2023-01-03,2025-12-31,150000.0,150000.0,0.4,727,769207.8000000002,412.8052000000001,72.68166315161612,-26.182136602451845,11.469690219501782,1.6300181235393116,126450.0,70.89590873328086,54.250993447830375,0,0,0,42800.0,236.0,54.25531914893617,0,0.0,1,1,1,1,1,stage772_am40_80_120_oi_monthly,769207.8000000002,412.8052000000001,72.68166315161612,-26.182136602451845,1.6300181235393116,126450.0,70.89590873328086,54.250993447830375,5.128052000000001,,,,,2023-01,2023-01,2023,1,1,1,1,1,0,0,C,C,10.0,,,,roll_3y_2023_01,3,2023-01-01,2025-12-31,1,0,C
stage059_A_roll_3y_2023_06,A: Stage037 Top8+fu（9品种）,stage059_A_roll_3y_2023_06,roll_3y_2023_06,2023-06-01 independent start to 2026-05-31,rolling_3y,2023-06-01,2026-05-29,150000.0,150000.0,0.4,724,402887.5000000001,168.59166666666675,39.12036610680425,-24.02482559040876,11.400833708990673,1.1658318495383575,137905.0,66.81402748181353,48.63794332689301,0,0,0,25680.0,212.0,52.72727272727272,0,0.0,1,1,1,1,1,stage772_am40_80_120_oi_monthly,402887.5000000001,168.59166666666675,39.12036610680425,-24.02482559040876,1.1658318495383575,137905.0,66.81402748181353,48.63794332689301,2.6859166666666674,,,,,2023-06,2023-06,2023,6,1,1,1,1,0,0,stage059_A_roll_3y_2023_06,A,,,,,roll_3y_2023_06,3,2023-06-01,2026-05-31,1,0,A
stage063_B_roll_3y_2023_06,B: Top9+fu（10品种）,stage063_B_roll_3y_2023_06,roll_3y_2023_06,2023-06-01 independent start to 2026-05-31,rolling_3y,2023-06-01,2026-05-29,150000.0,150000.0,0.4,724,444037.9000000002,196.02526666666682,43.71592124372443,-25.02868142799247,12.241606188954602,1.214081371177537,135660.0,73.04927989064102,51.57038471351517,0,0,0,32330.0,234.0,53.333333333333336,0,0.0,1,1,1,1,1,stage772_am40_80_120_oi_monthly,444037.9000000002,196.02526666666682,43.71592124372443,-25.02868142799247,1.214081371177537,135660.0,73.04927989064102,51.57038471351517,2.960252666666668,,,,,2023-06,2023-06,2023,6,1,1,1,1,0,0,B,B,9.0,,,,roll_3y_2023_06,3,2023-06-01,2026-05-31,1,0,B
stage063_C_roll_3y_2023_06,C: Top10+fu（11品种）,stage063_C_roll_3y_2023_06,roll_3y_2023_06,2023-06-01 independent start to 2026-05-31,rolling_3y,2023-06-01,2026-05-29,150000.0,150000.0,0.4,724,724068.8000000003,382.71253333333345,69.22697099108817,-26.517460853332796,11.711839379440738,1.6408983480708363,134020.0,69.84869729985786,51.57478751246021,0,0,0,49180.0,248.0,53.47826086956522,0,0.0,1,1,1,1,1,stage772_am40_80_120_oi_monthly,724068.8000000003,382.71253333333345,69.22697099108817,-26.517460853332796,1.6408983480708363,134020.0,69.84869729985786,51.57478751246021,4.827125333333335,,,,,2023-06,2023-06,2023,6,1,1,1,1,0,0,C,C,10.0,,,,roll_3y_2023_06,3,2023-06-01,2026-05-31,1,0,C
