eval_date,product_vt_symbol,net_pnl,total_pnl,trading_pnl,holding_pnl,slippage,commission,turnover,trade_count,abs_end_pos,abs_pos_change,active_contract_count,candidate_count,opened_count,selected_volume_sum,selected_volume_ungated_sum,corr_gate_enabled_count,avg_corr_gate_weight,avg_same_direction_active_count,avg_same_direction_max_corr,avg_pairwise_score,best_pairwise_rank,volume_tilt_applied_count,avg_volume_tilt_multiplier,avg_volume_tilt_score_gap,avg_volume_tilt_top_gap,avg_active_positions_before,breakout_rate,bullish_alignment_rate,bearish_alignment_rate,avg_rsi,avg_loss_streak,opened_rate,pnl_positive_day,trade_day,candidate_day,opened_day,net_pnl_sum_20d,slippage_sum_20d,turnover_sum_20d,trade_count_sum_20d,abs_pos_change_sum_20d,active_contract_count_sum_20d,candidate_count_sum_20d,opened_count_sum_20d,selected_volume_sum_sum_20d,selected_volume_ungated_sum_sum_20d,corr_gate_enabled_count_sum_20d,volume_tilt_applied_count_sum_20d,pnl_positive_day_mean_20d,trade_day_mean_20d,candidate_day_mean_20d,opened_day_mean_20d,avg_corr_gate_weight_mean_20d,avg_same_direction_active_count_mean_20d,avg_same_direction_max_corr_mean_20d,avg_pairwise_score_mean_20d,best_pairwise_rank_mean_20d,avg_volume_tilt_multiplier_mean_20d,avg_volume_tilt_score_gap_mean_20d,avg_volume_tilt_top_gap_mean_20d,avg_active_positions_before_mean_20d,breakout_rate_mean_20d,bullish_alignment_rate_mean_20d,bearish_alignment_rate_mean_20d,avg_rsi_mean_20d,avg_loss_streak_mean_20d,net_pnl_mean_20d,net_pnl_std_20d,net_pnl_sharpe_like_20d,net_pnl_min_day_20d,net_pnl_max_day_20d,net_pnl_drawdown_20d,net_pnl_sum_60d,slippage_sum_60d,turnover_sum_60d,trade_count_sum_60d,abs_pos_change_sum_60d,active_contract_count_sum_60d,candidate_count_sum_60d,opened_count_sum_60d,selected_volume_sum_sum_60d,selected_volume_ungated_sum_sum_60d,corr_gate_enabled_count_sum_60d,volume_tilt_applied_count_sum_60d,pnl_positive_day_mean_60d,trade_day_mean_60d,candidate_day_mean_60d,opened_day_mean_60d,avg_corr_gate_weight_mean_60d,avg_same_direction_active_count_mean_60d,avg_same_direction_max_corr_mean_60d,avg_pairwise_score_mean_60d,best_pairwise_rank_mean_60d,avg_volume_tilt_multiplier_mean_60d,avg_volume_tilt_score_gap_mean_60d,avg_volume_tilt_top_gap_mean_60d,avg_active_positions_before_mean_60d,breakout_rate_mean_60d,bullish_alignment_rate_mean_60d,bearish_alignment_rate_mean_60d,avg_rsi_mean_60d,avg_loss_streak_mean_60d,net_pnl_mean_60d,net_pnl_std_60d,net_pnl_sharpe_like_60d,net_pnl_min_day_60d,net_pnl_max_day_60d,net_pnl_drawdown_60d,net_pnl_sum_120d,slippage_sum_120d,turnover_sum_120d,trade_count_sum_120d,abs_pos_change_sum_120d,active_contract_count_sum_120d,candidate_count_sum_120d,opened_count_sum_120d,selected_volume_sum_sum_120d,selected_volume_ungated_sum_sum_120d,corr_gate_enabled_count_sum_120d,volume_tilt_applied_count_sum_120d,pnl_positive_day_mean_120d,trade_day_mean_120d,candidate_day_mean_120d,opened_day_mean_120d,avg_corr_gate_weight_mean_120d,avg_same_direction_active_count_mean_120d,avg_same_direction_max_corr_mean_120d,avg_pairwise_score_mean_120d,best_pairwise_rank_mean_120d,avg_volume_tilt_multiplier_mean_120d,avg_volume_tilt_score_gap_mean_120d,avg_volume_tilt_top_gap_mean_120d,avg_active_positions_before_mean_120d,breakout_rate_mean_120d,bullish_alignment_rate_mean_120d,bearish_alignment_rate_mean_120d,avg_rsi_mean_120d,avg_loss_streak_mean_120d,net_pnl_mean_120d,net_pnl_std_120d,net_pnl_sharpe_like_120d,net_pnl_min_day_120d,net_pnl_max_day_120d,net_pnl_drawdown_120d,future_net_pnl_60d,simple_trend_suitability_score,predicted_product_suitability_probability,ai_rank
2026-07-31,jm.DCE,77280.0,77280.0,0.0,77280.0,0.0,0.0,0.0,0.0,28.0,0.0,1.0,0.0,0.0,0.0,0.0,0.0,1.0,0.0,0.0,0.0,0.0,0.0,1.0,0.0,0.0,0.0,0.0,0.0,0.0,0.0,0.0,0.0,1.0,0.0,0.0,0.0,80430.0,4200.0,5243910.0,3.0,70.0,4.0,2.0,2.0,49.0,49.0,2.0,0.0,0.1,0.15,0.1,0.1,1.0,0.15,0.018689547368977336,0.0,0.1,1.0,0.0,0.0,0.15,0.0,0.0,0.1,3.3385407410117454,0.0,4021.5,20094.18409574482,0.8950199051296281,-27720.0,77280.0,-32130.0,75930.0,6000.0,7694610.0,5.0,100.0,9.0,4.0,3.0,111.0,111.0,4.0,0.0,0.08333333333333333,0.08333333333333333,0.06666666666666667,0.05,1.0,0.06666666666666667,0.011731423917524963,0.0,0.05,1.0,0.0,0.0,0.06666666666666667,0.0,0.016666666666666666,0.05,2.9349632027862778,0.0,1265.5,16240.62091000134,0.6035804236532828,-63450.0,77280.0,-122130.0,28410.0,8880.0,11249970.0,7.0,148.0,12.0,5.0,4.0,135.0,132.0,5.0,1.0,0.041666666666666664,0.058333333333333334,0.041666666666666664,0.03333333333333333,1.0,0.041666666666666664,0.010753423443348575,0.012103729661613416,0.03333333333333333,1.000995575221239,0.009609407507580436,0.0017017814772598116,0.05,0.0,0.016666666666666666,0.025,2.0325758559591516,0.0,236.75,11723.372773253961,0.2212218582440516,-63450.0,77280.0,-122130.0,,2.134879960743161,0.6958488939899317,1
2026-07-31,si.GFEX,2050.0,2050.0,0.0,2050.0,0.0,0.0,0.0,0.0,82.0,0.0,1.0,0.0,0.0,0.0,0.0,0.0,1.0,0.0,0.0,0.0,0.0,0.0,1.0,0.0,0.0,0.0,0.0,0.0,0.0,0.0,0.0,0.0,1.0,0.0,0.0,0.0,38950.0,2050.0,3390700.0,1.0,82.0,9.0,1.0,1.0,82.0,82.0,1.0,0.0,0.2,0.05,0.05,0.05,1.0,0.05,0.0075564037209165545,0.0,0.05,1.0,0.0,0.0,0.05,0.0,0.0,0.05,1.7250408254859138,0.05,1947.5,11925.199711446963,0.7303428859142269,-18450.0,47150.0,-20500.0,34600.0,2125.0,3522625.0,2.0,85.0,11.0,1.0,1.0,82.0,82.0,1.0,0.0,0.08333333333333333,0.03333333333333333,0.016666666666666666,0.016666666666666666,1.0,0.016666666666666666,0.00251880124030552,0.0,0.016666666666666666,1.0,0.0,0.0,0.016666666666666666,0.0,0.0,0.016666666666666666,0.5750136084953046,0.016666666666666666,576.6666666666666,6868.711093822155,0.6503171747379862,-18450.0,47150.0,-20500.0,34450.0,2200.0,3658900.0,3.0,88.0,12.0,4.0,2.0,234.0,234.0,4.0,1.0,0.041666666666666664,0.025,0.03333333333333333,0.016666666666666666,1.0,0.058333333333333334,0.011984527904370872,0.007291147768577319,0.016666666666666666,1.000625,0.006248962203821305,0.006248962203821305,0.058333333333333334,0.008333333333333333,0.008333333333333333,0.025,1.4489097959905688,0.1,287.0833333333333,4845.215502979009,0.6490609858478472,-18450.0,47150.0,-20500.0,,2.321075932139483,0.6603401946739426,2
2026-07-31,SA.CZCE,0.0,0.0,0.0,0.0,0.0,0.0,0.0,0.0,0.0,0.0,0.0,0.0,0.0,0.0,0.0,0.0,1.0,0.0,0.0,0.0,0.0,0.0,1.0,0.0,0.0,0.0,0.0,0.0,0.0,0.0,0.0,0.0,0.0,0.0,0.0,0.0,0.0,0.0,0.0,0.0,0.0,0.0,1.0,0.0,56.0,56.0,1.0,0.0,0.0,0.0,0.05,0.0,1.0,0.1,0.020502669827082116,0.0,0.0,1.0,0.0,0.0,0.1,0.05,0.0,0.05,1.3410098523571563,0.0,0.0,0.0,0.0,0.0,0.0,0.0,0.0,0.0,0.0,0.0,0.0,0.0,2.0,0.0,218.0,218.0,2.0,0.0,0.0,0.0,0.03333333333333333,0.0,1.0,0.03333333333333333,0.006834223275694038,0.0,0.0,1.0,0.0,0.0,0.06666666666666667,0.03333333333333333,0.0,0.03333333333333333,0.8163723630630557,0.0,0.0,0.0,0.0,0.0,0.0,0.0,-22020.0,1320.0,1644500.0,4.0,66.0,3.0,6.0,2.0,292.0,334.0,6.0,1.0,0.0,0.03333333333333333,0.05,0.016666666666666666,0.9930294639682551,0.075,0.021491490893965716,0.0012269252133763457,0.025,0.9993750000000001,0.0058794829065806405,0.0058794829065806405,0.125,0.025,0.016666666666666666,0.03333333333333333,1.906468642735589,0.125,-183.5,1183.044534135537,-1.6991260498175507,-10500.0,0.0,-22020.0,,-0.16606283536536792,0.645588723380868,3
2026-07-31,au.SHFE,0.0,0.0,0.0,0.0,0.0,0.0,0.0,0.0,0.0,0.0,0.0,0.0,0.0,0.0,0.0,0.0,1.0,0.0,0.0,0.0,0.0,0.0,1.0,0.0,0.0,0.0,0.0,0.0,0.0,0.0,0.0,0.0,0.0,0.0,0.0,0.0,0.0,0.0,0.0,0.0,0.0,0.0,0.0,0.0,0.0,0.0,0.0,0.0,0.0,0.0,0.0,0.0,1.0,0.0,0.0,0.0,0.0,1.0,0.0,0.0,0.0,0.0,0.0,0.0,0.0,0.0,0.0,0.0,0.0,0.0,0.0,0.0,0.0,0.0,0.0,0.0,0.0,0.0,1.0,0.0,1.0,1.0,1.0,0.0,0.0,0.0,0.016666666666666666,0.0,1.0,0.0,0.0,0.0,0.0,1.0,0.0,0.0,0.0,0.016666666666666666,0.0,0.016666666666666666,0.25723198432307215,0.0,0.0,0.0,0.0,0.0,0.0,0.0,0.0,0.0,0.0,0.0,0.0,0.0,4.0,0.0,1.0,1.0,4.0,0.0,0.0,0.0,0.03333333333333333,0.0,0.996276008328358,0.03333333333333333,0.00881323873745551,0.0,0.0,1.0,0.0,0.0,0.058333333333333334,0.008333333333333333,0.008333333333333333,0.025,1.1318188514815597,0.03333333333333333,0.0,0.0,0.0,0.0,0.0,0.0,,0.1588618384954037,0.6287311070404366,4
2026-07-31,lc.GFEX,0.0,0.0,0.0,0.0,0.0,0.0,0.0,0.0,0.0,0.0,0.0,1.0,0.0,1.0,1.0,1.0,1.0,2.0,0.1258081935532959,0.0,0.0,0.0,1.0,0.0,0.0,3.0,0.0,0.0,1.0,30.05951718245064,0.0,0.0,0.0,0.0,1.0,0.0,63900.0,1500.0,4482000.0,2.0,30.0,11.0,2.0,1.0,16.0,16.0,2.0,0.0,0.25,0.1,0.1,0.05,1.0,0.15,0.01396518206922818,0.0,0.05,1.0,0.0,0.0,0.2,0.0,0.0,0.1,2.9491631473147506,0.0,3195.0,31424.349007200068,0.4546943636907109,-44850.0,93600.0,-84750.0,23580.0,5100.0,16162560.0,4.0,102.0,13.0,4.0,2.0,84.0,84.0,4.0,0.0,0.1,0.06666666666666667,0.06666666666666667,0.03333333333333333,1.0,0.05,0.004655060689742726,0.0017445482955163552,0.06666666666666667,1.0,0.0,0.0,0.11666666666666667,0.0,0.0,0.06666666666666667,2.249945764686679,0.08333333333333333,393.0,38101.02922672291,0.07989718314443707,-200520.0,162720.0,-225270.0,-95840.0,6300.0,20229020.0,8.0,126.0,17.0,7.0,4.0,96.0,96.0,7.0,0.0,0.06666666666666667,0.06666666666666667,0.058333333333333334,0.03333333333333333,1.0,0.05,0.007187022177805282,0.008396622085263096,0.05,1.0,0.0,0.0,0.10833333333333334,0.008333333333333333,0.025,0.03333333333333333,2.763584903667201,0.075,-798.6666666666666,28850.26350121669,-0.3032539021644252,-200520.0,162720.0,-225270.0,,-1.61478753434524,0.6202518246604328,5
2026-07-31,cu.SHFE,0.0,0.0,0.0,0.0,0.0,0.0,0.0,0.0,0.0,0.0,0.0,0.0,0.0,0.0,0.0,0.0,1.0,0.0,0.0,0.0,0.0,0.0,1.0,0.0,0.0,0.0,0.0,0.0,0.0,0.0,0.0,0.0,0.0,0.0,0.0,0.0,0.0,0.0,0.0,0.0,0.0,0.0,0.0,0.0,0.0,0.0,0.0,0.0,0.0,0.0,0.0,0.0,1.0,0.0,0.0,0.0,0.0,1.0,0.0,0.0,0.0,0.0,0.0,0.0,0.0,0.0,0.0,0.0,0.0,0.0,0.0,0.0,0.0,0.0,0.0,0.0,0.0,0.0,1.0,0.0,0.0,0.0,1.0,0.0,0.0,0.0,0.016666666666666666,0.0,1.0,0.05,0.0025042647985184865,0.0,0.0,1.0,0.0,0.0,0.05,0.0,0.016666666666666666,0.0,1.275388911583614,0.1,0.0,0.0,0.0,0.0,0.0,0.0,-4300.0,100.0,1020500.0,2.0,2.0,3.0,4.0,1.0,11.0,11.0,4.0,0.0,0.008333333333333333,0.016666666666666666,0.03333333333333333,0.008333333333333333,1.0,0.05,0.0062616745301340045,0.0,0.008333333333333333,1.0,0.0,0.0,0.09166666666666666,0.0,0.016666666666666666,0.016666666666666666,1.9194929626250214,0.08333333333333333,-35.833333333333336,412.7782144708675,-0.9509574046889843,-3200.0,1700.0,-5900.0,,0.09541151617018492,0.6186696080240275,6
2026-07-31,SM.CZCE,0.0,0.0,0.0,0.0,0.0,0.0,0.0,0.0,0.0,0.0,0.0,0.0,0.0,0.0,0.0,0.0,1.0,0.0,0.0,0.0,0.0,0.0,1.0,0.0,0.0,0.0,0.0,0.0,0.0,0.0,0.0,0.0,0.0,0.0,0.0,0.0,0.0,0.0,0.0,0.0,0.0,0.0,0.0,0.0,0.0,0.0,0.0,0.0,0.0,0.0,0.0,0.0,1.0,0.0,0.0,0.0,0.0,1.0,0.0,0.0,0.0,0.0,0.0,0.0,0.0,0.0,0.0,0.0,0.0,0.0,0.0,0.0,0.0,0.0,0.0,0.0,0.0,0.0,0.0,0.0,0.0,0.0,0.0,0.0,0.0,0.0,0.0,0.0,1.0,0.0,0.0,0.0,0.0,1.0,0.0,0.0,0.0,0.0,0.0,0.0,0.0,0.0,0.0,0.0,0.0,0.0,0.0,0.0,-5600.0,200.0,586400.0,2.0,20.0,7.0,3.0,1.0,63.0,63.0,3.0,0.0,0.025,0.016666666666666666,0.025,0.008333333333333333,1.0,0.041666666666666664,0.006495483111023481,0.0,0.008333333333333333,1.0,0.0,0.0,0.08333333333333333,0.008333333333333333,0.008333333333333333,0.016666666666666666,1.1056854122465798,0.03333333333333333,-46.666666666666664,805.7496466005668,-0.6344498225905835,-8400.0,1600.0,-9100.0,,0.07622886058349085,0.6159066164169934,7
2026-07-31,lh.DCE,0.0,0.0,0.0,0.0,0.0,0.0,0.0,0.0,0.0,0.0,0.0,0.0,0.0,0.0,0.0,0.0,1.0,0.0,0.0,0.0,0.0,0.0,1.0,0.0,0.0,0.0,0.0,0.0,0.0,0.0,0.0,0.0,0.0,0.0,0.0,0.0,0.0,0.0,0.0,0.0,0.0,0.0,0.0,0.0,0.0,0.0,0.0,0.0,0.0,0.0,0.0,0.0,1.0,0.0,0.0,0.0,0.0,1.0,0.0,0.0,0.0,0.0,0.0,0.0,0.0,0.0,0.0,0.0,0.0,0.0,0.0,0.0,0.0,0.0,0.0,0.0,0.0,0.0,0.0,0.0,0.0,0.0,0.0,0.0,0.0,0.0,0.0,0.0,1.0,0.0,0.0,0.0,0.0,1.0,0.0,0.0,0.0,0.0,0.0,0.0,0.0,0.0,0.0,0.0,0.0,0.0,0.0,0.0,89040.0,800.0,1638960.0,3.0,10.0,21.0,1.0,1.0,5.0,5.0,1.0,0.0,0.125,0.025,0.008333333333333333,0.008333333333333333,1.0,0.0,0.0,0.0,0.008333333333333333,1.0,0.0,0.0,0.03333333333333333,0.008333333333333333,0.0,0.008333333333333333,0.11785254910922596,0.016666666666666666,742.0,3739.093855086123,2.1738429331802496,-14400.0,18880.0,-20640.0,,1.4727261872948185,0.5773374644183717,8
2026-07-31,MA.CZCE,0.0,0.0,0.0,0.0,0.0,0.0,0.0,0.0,0.0,0.0,0.0,0.0,0.0,0.0,0.0,0.0,1.0,0.0,0.0,0.0,0.0,0.0,1.0,0.0,0.0,0.0,0.0,0.0,0.0,0.0,0.0,0.0,0.0,0.0,0.0,0.0,0.0,0.0,0.0,0.0,0.0,0.0,0.0,0.0,0.0,0.0,0.0,0.0,0.0,0.0,0.0,0.0,1.0,0.0,0.0,0.0,0.0,1.0,0.0,0.0,0.0,0.0,0.0,0.0,0.0,0.0,0.0,0.0,0.0,0.0,0.0,0.0,-139400.0,1360.0,3905240.0,2.0,136.0,3.0,2.0,1.0,75.0,75.0,2.0,0.0,0.016666666666666666,0.03333333333333333,0.03333333333333333,0.016666666666666666,1.0,0.0,0.0,0.0,0.016666666666666666,1.0,0.0,0.0,0.0,0.016666666666666666,0.016666666666666666,0.016666666666666666,1.287945078020869,0.08333333333333333,-2323.3333333333335,21760.465213953576,-0.8270256374775098,-163880.0,36040.0,-174080.0,-162930.0,2150.0,5962500.0,9.0,215.0,11.0,5.0,4.0,111.0,113.0,5.0,1.0,0.03333333333333333,0.075,0.041666666666666664,0.03333333333333333,1.0,0.025,0.005379195207436873,0.00041595531703730995,0.05,0.9993750000000001,0.011425282126666216,0.011425282126666216,0.06666666666666667,0.016666666666666666,0.03333333333333333,0.008333333333333333,2.483534462299404,0.10833333333333334,-1357.75,18783.314760242745,-0.7918413889615599,-163880.0,73200.0,-238360.0,,-6.0252266167603,0.527458176391196,9
2026-07-31,OI.CZCE,0.0,0.0,0.0,0.0,0.0,0.0,0.0,0.0,0.0,0.0,0.0,0.0,0.0,0.0,0.0,0.0,1.0,0.0,0.0,0.0,0.0,0.0,1.0,0.0,0.0,0.0,0.0,0.0,0.0,0.0,0.0,0.0,0.0,0.0,0.0,0.0,-14650.0,100.0,1013650.0,2.0,10.0,1.0,1.0,1.0,5.0,5.0,1.0,0.0,0.0,0.1,0.05,0.05,1.0,0.0,0.0,0.0,0.05,1.0,0.0,0.0,0.1,0.05,0.05,0.0,3.8236220411559882,0.05,-732.5,3252.3786841730016,-1.007213459791247,-14550.0,0.0,-14650.0,-70.0,640.0,6393130.0,4.0,64.0,5.0,3.0,2.0,54.0,54.0,3.0,0.0,0.03333333333333333,0.06666666666666667,0.05,0.03333333333333333,1.0,0.03333333333333333,0.0003585640938166381,0.0,0.03333333333333333,1.0,0.0,0.0,0.08333333333333333,0.016666666666666666,0.03333333333333333,0.016666666666666666,3.2560081225693476,0.1,-1.1666666666666667,17361.04406878204,-0.0005205309718325382,-87210.0,98010.0,-112930.0,32590.0,980.0,9637710.0,8.0,98.0,25.0,5.0,4.0,71.0,70.0,5.0,1.0,0.10833333333333334,0.06666666666666667,0.041666666666666664,0.03333333333333333,1.0,0.05,0.008200340892778487,0.011841237443703526,0.041666666666666664,1.000625,0.011425282126666216,0.011425282126666216,0.09166666666666666,0.008333333333333333,0.03333333333333333,0.008333333333333333,2.6555099347274163,0.11666666666666667,271.5833333333333,14046.05779173628,0.21180650131829418,-87210.0,98010.0,-112930.0,,0.6232742478258269,0.5235300401717156,10
2026-07-31,FG.CZCE,0.0,0.0,0.0,0.0,0.0,0.0,0.0,0.0,0.0,0.0,0.0,0.0,0.0,0.0,0.0,0.0,1.0,0.0,0.0,0.0,0.0,0.0,1.0,0.0,0.0,0.0,0.0,0.0,0.0,0.0,0.0,0.0,0.0,0.0,0.0,0.0,0.0,0.0,0.0,0.0,0.0,0.0,1.0,0.0,75.0,75.0,1.0,0.0,0.0,0.0,0.05,0.0,1.0,0.05,0.008222282586232064,0.0,0.0,1.0,0.0,0.0,0.05,0.05,0.0,0.05,1.0630877113690391,0.05,0.0,0.0,0.0,0.0,0.0,0.0,0.0,0.0,0.0,0.0,0.0,0.0,5.0,0.0,348.0,348.0,5.0,0.0,0.0,0.0,0.08333333333333333,0.0,1.0,0.1,0.017233722613840954,0.0,0.0,1.0,0.0,0.0,0.15,0.03333333333333333,0.0,0.08333333333333333,2.175760700493905,0.15,0.0,0.0,0.0,0.0,0.0,0.0,-160.0,80.0,85280.0,2.0,4.0,1.0,9.0,1.0,471.0,473.0,9.0,0.0,0.0,0.016666666666666666,0.075,0.008333333333333333,0.9972806135864235,0.1,0.020350385028379273,0.0,0.008333333333333333,1.0,0.0,0.0,0.175,0.03333333333333333,0.008333333333333333,0.06666666666666667,2.0978262285453386,0.15833333333333333,-1.3333333333333333,10.284469278088302,-1.4201933490066692,-80.0,0.0,-160.0,,0.15650089626934904,0.5159841274734124,11
2026-07-31,AP.CZCE,870.0,870.0,0.0,870.0,0.0,0.0,0.0,0.0,1.0,0.0,1.0,0.0,0.0,0.0,0.0,0.0,1.0,0.0,0.0,0.0,0.0,0.0,1.0,0.0,0.0,0.0,0.0,0.0,0.0,0.0,0.0,0.0,1.0,0.0,0.0,0.0,-440.0,20.0,153190.0,2.0,2.0,4.0,1.0,1.0,1.0,1.0,1.0,0.0,0.1,0.1,0.05,0.05,1.0,0.0,0.0,0.0,0.05,1.0,0.0,0.0,0.1,0.0,0.05,0.0,3.2893033479561966,0.0,-22.0,351.5170131391946,-0.2798925438383582,-1240.0,870.0,-1260.0,-640.0,30.0,230440.0,3.0,3.0,8.0,2.0,2.0,2.0,2.0,2.0,0.0,0.05,0.05,0.03333333333333333,0.03333333333333333,1.0,0.0,0.0,0.0,0.03333333333333333,1.0,0.0,0.0,0.06666666666666667,0.0,0.03333333333333333,0.0,2.201802308348908,0.08333333333333333,-10.666666666666666,226.96125755179864,-0.36404294552445643,-1240.0,870.0,-1750.0,96880.0,410.0,4049180.0,7.0,41.0,19.0,4.0,4.0,21.0,22.0,4.0,1.0,0.08333333333333333,0.058333333333333334,0.03333333333333333,0.03333333333333333,1.0,0.008333333333333333,-0.0007983371535700767,0.002543918595581657,0.041666666666666664,0.999375,0.0032454961421700193,0.0032454961421700193,0.075,0.0,0.03333333333333333,0.0,2.355066404580822,0.1,807.3333333333334,11793.802512467346,0.749876348404267,-78840.0,69660.0,-86150.0,,1.83744766079094,0.5048798233482258,12
2026-07-31,CF.CZCE,0.0,0.0,0.0,0.0,0.0,0.0,0.0,0.0,0.0,0.0,0.0,0.0,0.0,0.0,0.0,0.0,1.0,0.0,0.0,0.0,0.0,0.0,1.0,0.0,0.0,0.0,0.0,0.0,0.0,0.0,0.0,0.0,0.0,0.0,0.0,0.0,0.0,0.0,0.0,0.0,0.0,0.0,0.0,0.0,0.0,0.0,0.0,0.0,0.0,0.0,0.0,0.0,1.0,0.0,0.0,0.0,0.0,1.0,0.0,0.0,0.0,0.0,0.0,0.0,0.0,0.0,0.0,0.0,0.0,0.0,0.0,0.0,-17100.0,450.0,1429650.0,2.0,18.0,1.0,2.0,1.0,78.0,78.0,2.0,0.0,0.0,0.03333333333333333,0.03333333333333333,0.016666666666666666,1.0,0.03333333333333333,0.0017913666604271634,0.0,0.016666666666666666,1.0,0.0,0.0,0.05,0.0,0.0,0.03333333333333333,0.9544925334530898,0.08333333333333333,-285.0,2149.3061552865206,-1.0271224050181609,-16650.0,0.0,-17100.0,-51950.0,1750.0,5417500.0,6.0,70.0,12.0,4.0,3.0,104.0,106.0,4.0,0.0,0.041666666666666664,0.05,0.03333333333333333,0.025,0.9980100359184969,0.041666666666666664,0.008165939103872998,0.0,0.025,1.0,0.0,0.0,0.058333333333333334,0.008333333333333333,0.016666666666666666,0.016666666666666666,1.8443409989430521,0.058333333333333334,-432.9166666666667,2898.597863248564,-1.6360891371632431,-21000.0,6500.0,-54950.0,,-2.1064222612781944,0.49336678618982976,13
2026-07-31,ru.SHFE,0.0,0.0,0.0,0.0,0.0,0.0,0.0,0.0,0.0,0.0,0.0,0.0,0.0,0.0,0.0,0.0,1.0,0.0,0.0,0.0,0.0,0.0,1.0,0.0,0.0,0.0,0.0,0.0,0.0,0.0,0.0,0.0,0.0,0.0,0.0,0.0,0.0,0.0,0.0,0.0,0.0,0.0,1.0,0.0,6.0,6.0,1.0,0.0,0.0,0.0,0.05,0.0,1.0,0.05,0.0019741071307796997,0.0,0.0,1.0,0.0,0.0,0.05,0.05,0.0,0.05,1.157611685254351,0.0,0.0,0.0,0.0,0.0,0.0,0.0,-55050.0,900.0,3175050.0,3.0,18.0,7.0,3.0,1.0,20.0,20.0,3.0,0.0,0.03333333333333333,0.05,0.05,0.016666666666666666,1.0,0.1,0.014178175012497464,0.0,0.016666666666666666,1.0,0.0,0.0,0.1,0.016666666666666666,0.016666666666666666,0.03333333333333333,1.7077891736868855,0.08333333333333333,-917.5,13150.10093729386,-0.5404463793989047,-67200.0,69000.0,-100650.0,68000.0,2750.0,9396650.0,7.0,55.0,24.0,6.0,3.0,44.0,42.0,6.0,2.0,0.09166666666666666,0.058333333333333334,0.05,0.025,1.0,0.058333333333333334,0.008637739873301692,0.013571085264519249,0.025,1.0010416666666666,0.01047550386237183,0.01047550386237183,0.08333333333333333,0.008333333333333333,0.03333333333333333,0.016666666666666666,2.419046093575777,0.13333333333333333,566.6666666666666,14222.881217954959,0.43644618999949947,-67200.0,85800.0,-100650.0,,-0.5209495127030492,0.48143143701303703,14
2026-07-31,sp.SHFE,0.0,0.0,0.0,0.0,0.0,0.0,0.0,0.0,0.0,0.0,0.0,0.0,0.0,0.0,0.0,0.0,1.0,0.0,0.0,0.0,0.0,0.0,1.0,0.0,0.0,0.0,0.0,0.0,0.0,0.0,0.0,0.0,0.0,0.0,0.0,0.0,0.0,0.0,0.0,0.0,0.0,0.0,0.0,0.0,0.0,0.0,0.0,0.0,0.0,0.0,0.0,0.0,1.0,0.0,0.0,0.0,0.0,1.0,0.0,0.0,0.0,0.0,0.0,0.0,0.0,0.0,0.0,0.0,0.0,0.0,0.0,0.0,0.0,0.0,0.0,0.0,0.0,0.0,2.0,0.0,48.0,48.0,2.0,0.0,0.0,0.0,0.03333333333333333,0.0,1.0,0.05,0.009135849896226067,0.0,0.0,1.0,0.0,0.0,0.05,0.03333333333333333,0.0,0.03333333333333333,0.7400799650513222,0.05,0.0,0.0,0.0,0.0,0.0,0.0,-88560.0,5680.0,14550160.0,6.0,284.0,22.0,5.0,2.0,66.0,66.0,5.0,0.0,0.075,0.041666666666666664,0.041666666666666664,0.016666666666666666,1.0,0.041666666666666664,0.008343226707600264,0.0,0.016666666666666666,1.0,0.0,0.0,0.09166666666666666,0.03333333333333333,0.0,0.041666666666666664,1.02220643426195,0.125,-738.0,7781.0800053990015,-1.0389798001263062,-84940.0,2100.0,-92300.0,,-1.1479196836258465,0.4790569799538258,15
2026-07-31,SH.CZCE,0.0,0.0,0.0,0.0,0.0,0.0,0.0,0.0,0.0,0.0,0.0,0.0,0.0,0.0,0.0,0.0,1.0,0.0,0.0,0.0,0.0,0.0,1.0,0.0,0.0,0.0,0.0,0.0,0.0,0.0,0.0,0.0,0.0,0.0,0.0,0.0,0.0,0.0,0.0,0.0,0.0,0.0,0.0,0.0,0.0,0.0,0.0,0.0,0.0,0.0,0.0,0.0,1.0,0.0,0.0,0.0,0.0,1.0,0.0,0.0,0.0,0.0,0.0,0.0,0.0,0.0,0.0,0.0,0.0,0.0,0.0,0.0,0.0,0.0,0.0,0.0,0.0,0.0,2.0,0.0,79.0,79.0,2.0,0.0,0.0,0.0,0.03333333333333333,0.0,1.0,0.0,0.0,0.0,0.0,1.0,0.0,0.0,0.03333333333333333,0.03333333333333333,0.0,0.03333333333333333,0.5608816463835377,0.0,0.0,0.0,0.0,0.0,0.0,0.0,-79680.0,1740.0,3782520.0,8.0,58.0,7.0,9.0,4.0,197.0,197.0,9.0,1.0,0.0,0.06666666666666667,0.075,0.03333333333333333,0.9985997473533035,0.06666666666666667,0.012819563636321193,0.007915393515785402,0.041666666666666664,1.000625,0.0058794829065806405,0.0058794829065806405,0.18333333333333332,0.025,0.016666666666666666,0.058333333333333334,2.4843409664605702,0.13333333333333333,-664.0,3791.596723583042,-1.9183885032991956,-36720.0,0.0,-79680.0,,-1.0168873900798134,0.4738222002320405,16
2026-07-31,rb.SHFE,0.0,0.0,0.0,0.0,0.0,0.0,0.0,0.0,0.0,0.0,0.0,0.0,0.0,0.0,0.0,0.0,1.0,0.0,0.0,0.0,0.0,0.0,1.0,0.0,0.0,0.0,0.0,0.0,0.0,0.0,0.0,0.0,0.0,0.0,0.0,0.0,-23450.0,670.0,2074320.0,1.0,67.0,2.0,1.0,0.0,6.0,8.0,1.0,0.0,0.05,0.05,0.05,0.0,0.9923718198717882,0.1,0.032347132347142114,0.0,0.0,1.0,0.0,0.0,0.1,0.05,0.0,0.05,0.713304171836309,0.0,-1172.5,4600.355678468893,-1.139820434271768,-19430.0,2680.0,-19430.0,18000.0,1380.0,4298940.0,3.0,138.0,14.0,2.0,1.0,73.0,75.0,2.0,0.0,0.15,0.05,0.03333333333333333,0.016666666666666666,0.9974572732905961,0.03333333333333333,0.010782377449047371,0.030426430524510793,0.016666666666666666,1.0,0.0,0.0,0.03333333333333333,0.016666666666666666,0.0,0.03333333333333333,0.7324315646804668,0.05,300.0,3795.9719953959802,0.6121725899303011,-19430.0,14070.0,-23450.0,6640.0,2360.0,7376800.0,6.0,236.0,18.0,5.0,3.0,196.0,317.0,5.0,2.0,0.075,0.05,0.041666666666666664,0.025,0.9935604626272182,0.058333333333333334,0.019451918770292096,0.026657349011365013,0.041666666666666664,0.9993750000000001,0.01585836971140174,0.007950743681081117,0.08333333333333333,0.025,0.016666666666666666,0.025,1.7951731993700548,0.08333333333333333,55.333333333333336,2753.8611345635036,0.22010779315074658,-19430.0,14070.0,-23450.0,,2.127194041644596,0.4153898667384523,17
2026-07-31,hc.SHFE,0.0,0.0,0.0,0.0,0.0,0.0,0.0,0.0,0.0,0.0,0.0,0.0,0.0,0.0,0.0,0.0,1.0,0.0,0.0,0.0,0.0,0.0,1.0,0.0,0.0,0.0,0.0,0.0,0.0,0.0,0.0,0.0,0.0,0.0,0.0,0.0,-6720.0,280.0,924560.0,1.0,28.0,6.0,1.0,0.0,6.0,7.0,1.0,0.0,0.2,0.05,0.05,0.0,0.9944840869630133,0.1,0.031697204011380535,0.0,0.0,1.0,0.0,0.0,0.1,0.05,0.0,0.05,1.0442625563027446,0.0,-336.0,2703.429401022965,-0.5558264921995995,-8680.0,5320.0,-8680.0,9240.0,560.0,1858920.0,2.0,56.0,16.0,3.0,1.0,147.0,148.0,3.0,0.0,0.18333333333333332,0.03333333333333333,0.05,0.016666666666666666,0.9981613623210044,0.03333333333333333,0.010565734670460179,0.017829021179972853,0.03333333333333333,1.0,0.0,0.0,0.06666666666666667,0.03333333333333333,0.0,0.05,1.4480510749610318,0.08333333333333333,154.0,2010.1548974803973,0.59342634347586,-8680.0,8400.0,-8680.0,-46150.0,6140.0,20147010.0,8.0,614.0,25.0,7.0,4.0,576.0,652.0,7.0,2.0,0.11666666666666667,0.06666666666666667,0.058333333333333334,0.03333333333333333,0.9965680376050063,0.041666666666666664,0.01569959768389133,0.024703302789844332,0.06666666666666667,0.9985877581120944,0.016839415227782248,0.008931789197461622,0.10833333333333334,0.025,0.016666666666666666,0.041666666666666664,2.6290761256377717,0.075,-384.5833333333333,3885.521259133992,-1.084255897002318,-36080.0,8400.0,-57590.0,,1.5946546922005589,0.3813388739306614,18
