vt_symbol,tq_symbol,bar_datetime,bar_id,open,high,low,close,volume,open_oi,close_oi,required_date,minute_source,bar_date
OI905.CZCE,CZCE.OI905,2019-02-20 09:00:00,69133,6718.0,6718.0,6718.0,6718.0,0.0,137498.0,137498.0,2019-02-20,tqsdk_stage859_backtest,2019-02-20
OI905.CZCE,CZCE.OI905,2019-02-20 09:01:00,69134,6714.0,6714.0,6714.0,6714.0,0.0,137517.0,137517.0,2019-02-20,tqsdk_stage859_backtest,2019-02-20
OI905.CZCE,CZCE.OI905,2019-02-20 09:02:00,69135,6712.0,6712.0,6712.0,6712.0,0.0,137445.0,137445.0,2019-02-20,tqsdk_stage859_backtest,2019-02-20
OI905.CZCE,CZCE.OI905,2019-02-20 09:03:00,69136,6708.0,6708.0,6708.0,6708.0,0.0,137429.0,137429.0,2019-02-20,tqsdk_stage859_backtest,2019-02-20
OI905.CZCE,CZCE.OI905,2019-02-20 09:04:00,69137,6706.0,6706.0,6706.0,6706.0,0.0,137405.0,137405.0,2019-02-20,tqsdk_stage859_backtest,2019-02-20
OI905.CZCE,CZCE.OI905,2019-02-20 09:05:00,69138,6700.0,6700.0,6700.0,6700.0,0.0,137566.0,137566.0,2019-02-20,tqsdk_stage859_backtest,2019-02-20
OI905.CZCE,CZCE.OI905,2019-02-20 09:06:00,69139,6703.0,6703.0,6703.0,6703.0,0.0,137488.0,137488.0,2019-02-20,tqsdk_stage859_backtest,2019-02-20
OI905.CZCE,CZCE.OI905,2019-02-20 09:07:00,69140,6703.0,6703.0,6703.0,6703.0,0.0,137474.0,137474.0,2019-02-20,tqsdk_stage859_backtest,2019-02-20
OI905.CZCE,CZCE.OI905,2019-02-20 09:08:00,69141,6704.0,6704.0,6704.0,6704.0,0.0,137547.0,137547.0,2019-02-20,tqsdk_stage859_backtest,2019-02-20
OI905.CZCE,CZCE.OI905,2019-02-20 09:09:00,69142,6702.0,6702.0,6702.0,6702.0,0.0,137495.0,137495.0,2019-02-20,tqsdk_stage859_backtest,2019-02-20
OI905.CZCE,CZCE.OI905,2019-02-20 09:10:00,69143,6701.0,6701.0,6701.0,6701.0,0.0,137472.0,137472.0,2019-02-20,tqsdk_stage859_backtest,2019-02-20
OI905.CZCE,CZCE.OI905,2019-02-20 09:11:00,69144,6704.0,6704.0,6704.0,6704.0,0.0,137435.0,137435.0,2019-02-20,tqsdk_stage859_backtest,2019-02-20
OI905.CZCE,CZCE.OI905,2019-02-20 09:12:00,69145,6704.0,6704.0,6704.0,6704.0,0.0,137440.0,137440.0,2019-02-20,tqsdk_stage859_backtest,2019-02-20
OI905.CZCE,CZCE.OI905,2019-02-20 09:13:00,69146,6708.0,6708.0,6708.0,6708.0,0.0,137402.0,137402.0,2019-02-20,tqsdk_stage859_backtest,2019-02-20
OI905.CZCE,CZCE.OI905,2019-02-20 09:14:00,69147,6707.0,6707.0,6707.0,6707.0,0.0,137387.0,137387.0,2019-02-20,tqsdk_stage859_backtest,2019-02-20
OI905.CZCE,CZCE.OI905,2019-02-20 09:15:00,69148,6707.0,6707.0,6707.0,6707.0,0.0,137370.0,137370.0,2019-02-20,tqsdk_stage859_backtest,2019-02-20
OI905.CZCE,CZCE.OI905,2019-02-20 09:16:00,69149,6708.0,6708.0,6708.0,6708.0,0.0,137363.0,137363.0,2019-02-20,tqsdk_stage859_backtest,2019-02-20
OI905.CZCE,CZCE.OI905,2019-02-20 09:17:00,69150,6706.0,6706.0,6706.0,6706.0,0.0,137339.0,137339.0,2019-02-20,tqsdk_stage859_backtest,2019-02-20
OI905.CZCE,CZCE.OI905,2019-02-20 09:18:00,69151,6710.0,6710.0,6710.0,6710.0,0.0,137332.0,137332.0,2019-02-20,tqsdk_stage859_backtest,2019-02-20
OI905.CZCE,CZCE.OI905,2019-02-20 09:19:00,69152,6706.0,6706.0,6706.0,6706.0,0.0,137322.0,137322.0,2019-02-20,tqsdk_stage859_backtest,2019-02-20
OI905.CZCE,CZCE.OI905,2019-02-20 09:20:00,69153,6711.0,6711.0,6711.0,6711.0,0.0,137185.0,137185.0,2019-02-20,tqsdk_stage859_backtest,2019-02-20
OI905.CZCE,CZCE.OI905,2019-02-20 09:21:00,69154,6711.0,6711.0,6711.0,6711.0,0.0,137148.0,137148.0,2019-02-20,tqsdk_stage859_backtest,2019-02-20
OI905.CZCE,CZCE.OI905,2019-02-20 09:22:00,69155,6708.0,6708.0,6708.0,6708.0,0.0,137081.0,137081.0,2019-02-20,tqsdk_stage859_backtest,2019-02-20
OI905.CZCE,CZCE.OI905,2019-02-20 09:23:00,69156,6709.0,6709.0,6709.0,6709.0,0.0,137044.0,137044.0,2019-02-20,tqsdk_stage859_backtest,2019-02-20
OI905.CZCE,CZCE.OI905,2019-02-20 09:24:00,69157,6710.0,6710.0,6710.0,6710.0,0.0,137051.0,137051.0,2019-02-20,tqsdk_stage859_backtest,2019-02-20
OI905.CZCE,CZCE.OI905,2019-02-20 09:25:00,69158,6707.0,6707.0,6707.0,6707.0,0.0,137034.0,137034.0,2019-02-20,tqsdk_stage859_backtest,2019-02-20
OI905.CZCE,CZCE.OI905,2019-02-20 09:26:00,69159,6705.0,6705.0,6705.0,6705.0,0.0,136946.0,136946.0,2019-02-20,tqsdk_stage859_backtest,2019-02-20
OI905.CZCE,CZCE.OI905,2019-02-20 09:27:00,69160,6708.0,6708.0,6708.0,6708.0,0.0,136936.0,136936.0,2019-02-20,tqsdk_stage859_backtest,2019-02-20
OI905.CZCE,CZCE.OI905,2019-02-20 09:28:00,69161,6709.0,6709.0,6709.0,6709.0,0.0,136930.0,136930.0,2019-02-20,tqsdk_stage859_backtest,2019-02-20
OI905.CZCE,CZCE.OI905,2019-02-20 09:29:00,69162,6707.0,6707.0,6707.0,6707.0,0.0,136911.0,136911.0,2019-02-20,tqsdk_stage859_backtest,2019-02-20
OI905.CZCE,CZCE.OI905,2019-02-20 09:30:00,69163,6709.0,6709.0,6709.0,6709.0,0.0,136895.0,136895.0,2019-02-20,tqsdk_stage859_backtest,2019-02-20
OI905.CZCE,CZCE.OI905,2019-02-20 09:31:00,69164,6708.0,6708.0,6708.0,6708.0,0.0,136896.0,136896.0,2019-02-20,tqsdk_stage859_backtest,2019-02-20
OI905.CZCE,CZCE.OI905,2019-02-20 09:32:00,69165,6707.0,6707.0,6707.0,6707.0,0.0,136902.0,136902.0,2019-02-20,tqsdk_stage859_backtest,2019-02-20
OI905.CZCE,CZCE.OI905,2019-02-20 09:33:00,69166,6708.0,6708.0,6708.0,6708.0,0.0,136959.0,136959.0,2019-02-20,tqsdk_stage859_backtest,2019-02-20
OI905.CZCE,CZCE.OI905,2019-02-20 09:34:00,69167,6706.0,6706.0,6706.0,6706.0,0.0,136958.0,136958.0,2019-02-20,tqsdk_stage859_backtest,2019-02-20
OI905.CZCE,CZCE.OI905,2019-02-20 09:35:00,69168,6707.0,6707.0,6707.0,6707.0,0.0,136971.0,136971.0,2019-02-20,tqsdk_stage859_backtest,2019-02-20
OI905.CZCE,CZCE.OI905,2019-02-20 09:36:00,69169,6707.0,6707.0,6707.0,6707.0,0.0,136969.0,136969.0,2019-02-20,tqsdk_stage859_backtest,2019-02-20
OI905.CZCE,CZCE.OI905,2019-02-20 09:37:00,69170,6710.0,6710.0,6710.0,6710.0,0.0,136941.0,136941.0,2019-02-20,tqsdk_stage859_backtest,2019-02-20
OI905.CZCE,CZCE.OI905,2019-02-20 09:38:00,69171,6711.0,6711.0,6711.0,6711.0,0.0,136937.0,136937.0,2019-02-20,tqsdk_stage859_backtest,2019-02-20
OI905.CZCE,CZCE.OI905,2019-02-20 09:39:00,69172,6712.0,6712.0,6712.0,6712.0,0.0,136934.0,136934.0,2019-02-20,tqsdk_stage859_backtest,2019-02-20
OI905.CZCE,CZCE.OI905,2019-02-20 09:40:00,69173,6711.0,6711.0,6711.0,6711.0,0.0,136935.0,136935.0,2019-02-20,tqsdk_stage859_backtest,2019-02-20
OI905.CZCE,CZCE.OI905,2019-02-20 09:41:00,69174,6709.0,6709.0,6709.0,6709.0,0.0,136974.0,136974.0,2019-02-20,tqsdk_stage859_backtest,2019-02-20
OI905.CZCE,CZCE.OI905,2019-02-20 09:42:00,69175,6710.0,6710.0,6710.0,6710.0,0.0,136959.0,136959.0,2019-02-20,tqsdk_stage859_backtest,2019-02-20
OI905.CZCE,CZCE.OI905,2019-02-20 09:43:00,69176,6707.0,6707.0,6707.0,6707.0,0.0,136975.0,136975.0,2019-02-20,tqsdk_stage859_backtest,2019-02-20
OI905.CZCE,CZCE.OI905,2019-02-20 09:44:00,69177,6708.0,6708.0,6708.0,6708.0,0.0,136973.0,136973.0,2019-02-20,tqsdk_stage859_backtest,2019-02-20
OI905.CZCE,CZCE.OI905,2019-02-20 09:45:00,69178,6707.0,6707.0,6707.0,6707.0,0.0,136995.0,136995.0,2019-02-20,tqsdk_stage859_backtest,2019-02-20
OI905.CZCE,CZCE.OI905,2019-02-20 09:46:00,69179,6708.0,6708.0,6708.0,6708.0,0.0,136992.0,136992.0,2019-02-20,tqsdk_stage859_backtest,2019-02-20
OI905.CZCE,CZCE.OI905,2019-02-20 09:47:00,69180,6707.0,6707.0,6707.0,6707.0,0.0,137013.0,137013.0,2019-02-20,tqsdk_stage859_backtest,2019-02-20
OI905.CZCE,CZCE.OI905,2019-02-20 09:48:00,69181,6708.0,6708.0,6708.0,6708.0,0.0,137009.0,137009.0,2019-02-20,tqsdk_stage859_backtest,2019-02-20
OI905.CZCE,CZCE.OI905,2019-02-20 09:49:00,69182,6707.0,6707.0,6707.0,6707.0,0.0,136977.0,136977.0,2019-02-20,tqsdk_stage859_backtest,2019-02-20
OI905.CZCE,CZCE.OI905,2019-02-20 09:50:00,69183,6704.0,6704.0,6704.0,6704.0,0.0,137006.0,137006.0,2019-02-20,tqsdk_stage859_backtest,2019-02-20
OI905.CZCE,CZCE.OI905,2019-02-20 09:51:00,69184,6701.0,6701.0,6701.0,6701.0,0.0,136930.0,136930.0,2019-02-20,tqsdk_stage859_backtest,2019-02-20
OI905.CZCE,CZCE.OI905,2019-02-20 09:52:00,69185,6701.0,6701.0,6701.0,6701.0,0.0,136916.0,136916.0,2019-02-20,tqsdk_stage859_backtest,2019-02-20
OI905.CZCE,CZCE.OI905,2019-02-20 09:53:00,69186,6699.0,6699.0,6699.0,6699.0,0.0,136893.0,136893.0,2019-02-20,tqsdk_stage859_backtest,2019-02-20
OI905.CZCE,CZCE.OI905,2019-02-20 09:54:00,69187,6700.0,6700.0,6700.0,6700.0,0.0,136901.0,136901.0,2019-02-20,tqsdk_stage859_backtest,2019-02-20
OI905.CZCE,CZCE.OI905,2019-02-20 09:55:00,69188,6701.0,6701.0,6701.0,6701.0,0.0,136917.0,136917.0,2019-02-20,tqsdk_stage859_backtest,2019-02-20
OI905.CZCE,CZCE.OI905,2019-02-20 09:56:00,69189,6703.0,6703.0,6703.0,6703.0,0.0,136934.0,136934.0,2019-02-20,tqsdk_stage859_backtest,2019-02-20
OI905.CZCE,CZCE.OI905,2019-02-20 09:57:00,69190,6703.0,6703.0,6703.0,6703.0,0.0,136950.0,136950.0,2019-02-20,tqsdk_stage859_backtest,2019-02-20
OI905.CZCE,CZCE.OI905,2019-02-20 09:58:00,69191,6702.0,6702.0,6702.0,6702.0,0.0,136959.0,136959.0,2019-02-20,tqsdk_stage859_backtest,2019-02-20
OI905.CZCE,CZCE.OI905,2019-02-20 09:59:00,69192,6702.0,6702.0,6702.0,6702.0,0.0,136960.0,136960.0,2019-02-20,tqsdk_stage859_backtest,2019-02-20
OI905.CZCE,CZCE.OI905,2019-02-20 10:00:00,69193,6700.0,6700.0,6700.0,6700.0,0.0,136929.0,136929.0,2019-02-20,tqsdk_stage859_backtest,2019-02-20
OI905.CZCE,CZCE.OI905,2019-02-20 10:01:00,69194,6700.0,6700.0,6700.0,6700.0,0.0,136966.0,136966.0,2019-02-20,tqsdk_stage859_backtest,2019-02-20
OI905.CZCE,CZCE.OI905,2019-02-20 10:02:00,69195,6699.0,6699.0,6699.0,6699.0,0.0,136947.0,136947.0,2019-02-20,tqsdk_stage859_backtest,2019-02-20
OI905.CZCE,CZCE.OI905,2019-02-20 10:03:00,69196,6701.0,6701.0,6701.0,6701.0,0.0,136943.0,136943.0,2019-02-20,tqsdk_stage859_backtest,2019-02-20
OI905.CZCE,CZCE.OI905,2019-02-20 10:04:00,69197,6701.0,6701.0,6701.0,6701.0,0.0,136999.0,136999.0,2019-02-20,tqsdk_stage859_backtest,2019-02-20
OI905.CZCE,CZCE.OI905,2019-02-20 10:05:00,69198,6701.0,6701.0,6701.0,6701.0,0.0,136994.0,136994.0,2019-02-20,tqsdk_stage859_backtest,2019-02-20
OI905.CZCE,CZCE.OI905,2019-02-20 10:06:00,69199,6699.0,6699.0,6699.0,6699.0,0.0,137027.0,137027.0,2019-02-20,tqsdk_stage859_backtest,2019-02-20
OI905.CZCE,CZCE.OI905,2019-02-20 10:07:00,69200,6697.0,6697.0,6697.0,6697.0,0.0,137045.0,137045.0,2019-02-20,tqsdk_stage859_backtest,2019-02-20
OI905.CZCE,CZCE.OI905,2019-02-20 10:08:00,69201,6698.0,6698.0,6698.0,6698.0,0.0,137057.0,137057.0,2019-02-20,tqsdk_stage859_backtest,2019-02-20
OI905.CZCE,CZCE.OI905,2019-02-20 10:09:00,69202,6702.0,6702.0,6702.0,6702.0,0.0,137071.0,137071.0,2019-02-20,tqsdk_stage859_backtest,2019-02-20
OI905.CZCE,CZCE.OI905,2019-02-20 10:10:00,69203,6701.0,6701.0,6701.0,6701.0,0.0,137086.0,137086.0,2019-02-20,tqsdk_stage859_backtest,2019-02-20
OI905.CZCE,CZCE.OI905,2019-02-20 10:11:00,69204,6704.0,6704.0,6704.0,6704.0,0.0,137058.0,137058.0,2019-02-20,tqsdk_stage859_backtest,2019-02-20
OI905.CZCE,CZCE.OI905,2019-02-20 10:12:00,69205,6704.0,6704.0,6704.0,6704.0,0.0,137096.0,137096.0,2019-02-20,tqsdk_stage859_backtest,2019-02-20
OI905.CZCE,CZCE.OI905,2019-02-20 10:13:00,69206,6706.0,6706.0,6706.0,6706.0,0.0,137308.0,137308.0,2019-02-20,tqsdk_stage859_backtest,2019-02-20
OI905.CZCE,CZCE.OI905,2019-02-20 10:14:00,69207,6704.0,6704.0,6704.0,6704.0,0.0,137314.0,137314.0,2019-02-20,tqsdk_stage859_backtest,2019-02-20
OI905.CZCE,CZCE.OI905,2019-02-20 10:30:00,69208,6702.0,6702.0,6702.0,6702.0,0.0,137321.0,137321.0,2019-02-20,tqsdk_stage859_backtest,2019-02-20
OI905.CZCE,CZCE.OI905,2019-02-20 10:31:00,69209,6705.0,6705.0,6705.0,6705.0,0.0,137280.0,137280.0,2019-02-20,tqsdk_stage859_backtest,2019-02-20
OI905.CZCE,CZCE.OI905,2019-02-20 10:32:00,69210,6702.0,6702.0,6702.0,6702.0,0.0,137262.0,137262.0,2019-02-20,tqsdk_stage859_backtest,2019-02-20
OI905.CZCE,CZCE.OI905,2019-02-20 10:33:00,69211,6702.0,6702.0,6702.0,6702.0,0.0,137286.0,137286.0,2019-02-20,tqsdk_stage859_backtest,2019-02-20
OI905.CZCE,CZCE.OI905,2019-02-20 10:34:00,69212,6702.0,6702.0,6702.0,6702.0,0.0,137338.0,137338.0,2019-02-20,tqsdk_stage859_backtest,2019-02-20
OI905.CZCE,CZCE.OI905,2019-02-20 10:35:00,69213,6701.0,6701.0,6701.0,6701.0,0.0,137372.0,137372.0,2019-02-20,tqsdk_stage859_backtest,2019-02-20
OI905.CZCE,CZCE.OI905,2019-02-20 10:36:00,69214,6701.0,6701.0,6701.0,6701.0,0.0,137603.0,137603.0,2019-02-20,tqsdk_stage859_backtest,2019-02-20
OI905.CZCE,CZCE.OI905,2019-02-20 10:37:00,69215,6702.0,6702.0,6702.0,6702.0,0.0,137717.0,137717.0,2019-02-20,tqsdk_stage859_backtest,2019-02-20
OI905.CZCE,CZCE.OI905,2019-02-20 10:38:00,69216,6701.0,6701.0,6701.0,6701.0,0.0,137778.0,137778.0,2019-02-20,tqsdk_stage859_backtest,2019-02-20
OI905.CZCE,CZCE.OI905,2019-02-20 10:39:00,69217,6703.0,6703.0,6703.0,6703.0,0.0,137787.0,137787.0,2019-02-20,tqsdk_stage859_backtest,2019-02-20
OI905.CZCE,CZCE.OI905,2019-02-20 10:40:00,69218,6699.0,6699.0,6699.0,6699.0,0.0,137714.0,137714.0,2019-02-20,tqsdk_stage859_backtest,2019-02-20
OI905.CZCE,CZCE.OI905,2019-02-20 10:41:00,69219,6695.0,6695.0,6695.0,6695.0,0.0,137596.0,137596.0,2019-02-20,tqsdk_stage859_backtest,2019-02-20
OI905.CZCE,CZCE.OI905,2019-02-20 10:42:00,69220,6697.0,6697.0,6697.0,6697.0,0.0,137620.0,137620.0,2019-02-20,tqsdk_stage859_backtest,2019-02-20
OI905.CZCE,CZCE.OI905,2019-02-20 10:43:00,69221,6697.0,6697.0,6697.0,6697.0,0.0,137609.0,137609.0,2019-02-20,tqsdk_stage859_backtest,2019-02-20
OI905.CZCE,CZCE.OI905,2019-02-20 10:44:00,69222,6702.0,6702.0,6702.0,6702.0,0.0,137649.0,137649.0,2019-02-20,tqsdk_stage859_backtest,2019-02-20
OI905.CZCE,CZCE.OI905,2019-02-20 10:45:00,69223,6700.0,6700.0,6700.0,6700.0,0.0,137653.0,137653.0,2019-02-20,tqsdk_stage859_backtest,2019-02-20
OI905.CZCE,CZCE.OI905,2019-02-20 10:46:00,69224,6700.0,6700.0,6700.0,6700.0,0.0,137685.0,137685.0,2019-02-20,tqsdk_stage859_backtest,2019-02-20
OI905.CZCE,CZCE.OI905,2019-02-20 10:47:00,69225,6700.0,6700.0,6700.0,6700.0,0.0,137692.0,137692.0,2019-02-20,tqsdk_stage859_backtest,2019-02-20
OI905.CZCE,CZCE.OI905,2019-02-20 10:48:00,69226,6699.0,6699.0,6699.0,6699.0,0.0,137727.0,137727.0,2019-02-20,tqsdk_stage859_backtest,2019-02-20
OI905.CZCE,CZCE.OI905,2019-02-20 10:49:00,69227,6700.0,6700.0,6700.0,6700.0,0.0,137737.0,137737.0,2019-02-20,tqsdk_stage859_backtest,2019-02-20
OI905.CZCE,CZCE.OI905,2019-02-20 10:50:00,69228,6700.0,6700.0,6700.0,6700.0,0.0,137745.0,137745.0,2019-02-20,tqsdk_stage859_backtest,2019-02-20
OI905.CZCE,CZCE.OI905,2019-02-20 10:51:00,69229,6702.0,6702.0,6702.0,6702.0,0.0,137746.0,137746.0,2019-02-20,tqsdk_stage859_backtest,2019-02-20
OI905.CZCE,CZCE.OI905,2019-02-20 10:52:00,69230,6703.0,6703.0,6703.0,6703.0,0.0,137731.0,137731.0,2019-02-20,tqsdk_stage859_backtest,2019-02-20
OI905.CZCE,CZCE.OI905,2019-02-20 10:53:00,69231,6704.0,6704.0,6704.0,6704.0,0.0,137712.0,137712.0,2019-02-20,tqsdk_stage859_backtest,2019-02-20
OI905.CZCE,CZCE.OI905,2019-02-20 10:54:00,69232,6703.0,6703.0,6703.0,6703.0,0.0,137750.0,137750.0,2019-02-20,tqsdk_stage859_backtest,2019-02-20
OI905.CZCE,CZCE.OI905,2019-02-20 10:55:00,69233,6705.0,6705.0,6705.0,6705.0,0.0,137748.0,137748.0,2019-02-20,tqsdk_stage859_backtest,2019-02-20
OI905.CZCE,CZCE.OI905,2019-02-20 10:56:00,69234,6708.0,6708.0,6708.0,6708.0,0.0,137779.0,137779.0,2019-02-20,tqsdk_stage859_backtest,2019-02-20
OI905.CZCE,CZCE.OI905,2019-02-20 10:57:00,69235,6707.0,6707.0,6707.0,6707.0,0.0,137854.0,137854.0,2019-02-20,tqsdk_stage859_backtest,2019-02-20
OI905.CZCE,CZCE.OI905,2019-02-20 10:58:00,69236,6707.0,6707.0,6707.0,6707.0,0.0,137894.0,137894.0,2019-02-20,tqsdk_stage859_backtest,2019-02-20
OI905.CZCE,CZCE.OI905,2019-02-20 10:59:00,69237,6707.0,6707.0,6707.0,6707.0,0.0,137872.0,137872.0,2019-02-20,tqsdk_stage859_backtest,2019-02-20
OI905.CZCE,CZCE.OI905,2019-02-20 11:00:00,69238,6708.0,6708.0,6708.0,6708.0,0.0,137909.0,137909.0,2019-02-20,tqsdk_stage859_backtest,2019-02-20
OI905.CZCE,CZCE.OI905,2019-02-20 11:01:00,69239,6708.0,6708.0,6708.0,6708.0,0.0,137913.0,137913.0,2019-02-20,tqsdk_stage859_backtest,2019-02-20
OI905.CZCE,CZCE.OI905,2019-02-20 11:02:00,69240,6706.0,6706.0,6706.0,6706.0,0.0,137905.0,137905.0,2019-02-20,tqsdk_stage859_backtest,2019-02-20
OI905.CZCE,CZCE.OI905,2019-02-20 11:03:00,69241,6704.0,6704.0,6704.0,6704.0,0.0,137867.0,137867.0,2019-02-20,tqsdk_stage859_backtest,2019-02-20
OI905.CZCE,CZCE.OI905,2019-02-20 11:04:00,69242,6706.0,6706.0,6706.0,6706.0,0.0,137855.0,137855.0,2019-02-20,tqsdk_stage859_backtest,2019-02-20
OI905.CZCE,CZCE.OI905,2019-02-20 11:05:00,69243,6705.0,6705.0,6705.0,6705.0,0.0,137863.0,137863.0,2019-02-20,tqsdk_stage859_backtest,2019-02-20
OI905.CZCE,CZCE.OI905,2019-02-20 11:06:00,69244,6707.0,6707.0,6707.0,6707.0,0.0,137857.0,137857.0,2019-02-20,tqsdk_stage859_backtest,2019-02-20
OI905.CZCE,CZCE.OI905,2019-02-20 11:07:00,69245,6707.0,6707.0,6707.0,6707.0,0.0,137843.0,137843.0,2019-02-20,tqsdk_stage859_backtest,2019-02-20
OI905.CZCE,CZCE.OI905,2019-02-20 11:08:00,69246,6707.0,6707.0,6707.0,6707.0,0.0,137832.0,137832.0,2019-02-20,tqsdk_stage859_backtest,2019-02-20
OI905.CZCE,CZCE.OI905,2019-02-20 11:09:00,69247,6707.0,6707.0,6707.0,6707.0,0.0,137831.0,137831.0,2019-02-20,tqsdk_stage859_backtest,2019-02-20
OI905.CZCE,CZCE.OI905,2019-02-20 11:10:00,69248,6708.0,6708.0,6708.0,6708.0,0.0,137814.0,137814.0,2019-02-20,tqsdk_stage859_backtest,2019-02-20
OI905.CZCE,CZCE.OI905,2019-02-20 11:11:00,69249,6709.0,6709.0,6709.0,6709.0,0.0,137743.0,137743.0,2019-02-20,tqsdk_stage859_backtest,2019-02-20
OI905.CZCE,CZCE.OI905,2019-02-20 11:12:00,69250,6707.0,6707.0,6707.0,6707.0,0.0,137792.0,137792.0,2019-02-20,tqsdk_stage859_backtest,2019-02-20
OI905.CZCE,CZCE.OI905,2019-02-20 11:13:00,69251,6708.0,6708.0,6708.0,6708.0,0.0,137764.0,137764.0,2019-02-20,tqsdk_stage859_backtest,2019-02-20
OI905.CZCE,CZCE.OI905,2019-02-20 11:14:00,69252,6705.0,6705.0,6705.0,6705.0,0.0,137772.0,137772.0,2019-02-20,tqsdk_stage859_backtest,2019-02-20
OI905.CZCE,CZCE.OI905,2019-02-20 11:15:00,69253,6706.0,6706.0,6706.0,6706.0,0.0,137775.0,137775.0,2019-02-20,tqsdk_stage859_backtest,2019-02-20
OI905.CZCE,CZCE.OI905,2019-02-20 11:16:00,69254,6704.0,6704.0,6704.0,6704.0,0.0,137759.0,137759.0,2019-02-20,tqsdk_stage859_backtest,2019-02-20
OI905.CZCE,CZCE.OI905,2019-02-20 11:17:00,69255,6703.0,6703.0,6703.0,6703.0,0.0,137735.0,137735.0,2019-02-20,tqsdk_stage859_backtest,2019-02-20
OI905.CZCE,CZCE.OI905,2019-02-20 11:18:00,69256,6703.0,6703.0,6703.0,6703.0,0.0,137773.0,137773.0,2019-02-20,tqsdk_stage859_backtest,2019-02-20
OI905.CZCE,CZCE.OI905,2019-02-20 11:19:00,69257,6704.0,6704.0,6704.0,6704.0,0.0,137801.0,137801.0,2019-02-20,tqsdk_stage859_backtest,2019-02-20
OI905.CZCE,CZCE.OI905,2019-02-20 11:20:00,69258,6702.0,6702.0,6702.0,6702.0,0.0,137797.0,137797.0,2019-02-20,tqsdk_stage859_backtest,2019-02-20
OI905.CZCE,CZCE.OI905,2019-02-20 11:21:00,69259,6703.0,6703.0,6703.0,6703.0,0.0,137854.0,137854.0,2019-02-20,tqsdk_stage859_backtest,2019-02-20
OI905.CZCE,CZCE.OI905,2019-02-20 11:22:00,69260,6703.0,6703.0,6703.0,6703.0,0.0,137907.0,137907.0,2019-02-20,tqsdk_stage859_backtest,2019-02-20
OI905.CZCE,CZCE.OI905,2019-02-20 11:23:00,69261,6703.0,6703.0,6703.0,6703.0,0.0,137913.0,137913.0,2019-02-20,tqsdk_stage859_backtest,2019-02-20
OI905.CZCE,CZCE.OI905,2019-02-20 11:24:00,69262,6703.0,6703.0,6703.0,6703.0,0.0,137943.0,137943.0,2019-02-20,tqsdk_stage859_backtest,2019-02-20
OI905.CZCE,CZCE.OI905,2019-02-20 11:25:00,69263,6703.0,6703.0,6703.0,6703.0,0.0,137975.0,137975.0,2019-02-20,tqsdk_stage859_backtest,2019-02-20
OI905.CZCE,CZCE.OI905,2019-02-20 11:26:00,69264,6703.0,6703.0,6703.0,6703.0,0.0,137988.0,137988.0,2019-02-20,tqsdk_stage859_backtest,2019-02-20
OI905.CZCE,CZCE.OI905,2019-02-20 11:27:00,69265,6706.0,6706.0,6706.0,6706.0,0.0,138036.0,138036.0,2019-02-20,tqsdk_stage859_backtest,2019-02-20
OI905.CZCE,CZCE.OI905,2019-02-20 11:28:00,69266,6706.0,6706.0,6706.0,6706.0,0.0,138062.0,138062.0,2019-02-20,tqsdk_stage859_backtest,2019-02-20
OI905.CZCE,CZCE.OI905,2019-02-20 11:29:00,69267,6707.0,6707.0,6707.0,6707.0,0.0,138102.0,138102.0,2019-02-20,tqsdk_stage859_backtest,2019-02-20
OI905.CZCE,CZCE.OI905,2019-02-20 13:30:00,69268,6707.0,6707.0,6707.0,6707.0,0.0,138144.0,138144.0,2019-02-20,tqsdk_stage859_backtest,2019-02-20
OI905.CZCE,CZCE.OI905,2019-02-20 13:31:00,69269,6708.0,6708.0,6708.0,6708.0,0.0,138160.0,138160.0,2019-02-20,tqsdk_stage859_backtest,2019-02-20
OI905.CZCE,CZCE.OI905,2019-02-20 13:32:00,69270,6707.0,6707.0,6707.0,6707.0,0.0,138155.0,138155.0,2019-02-20,tqsdk_stage859_backtest,2019-02-20
OI905.CZCE,CZCE.OI905,2019-02-20 13:33:00,69271,6708.0,6708.0,6708.0,6708.0,0.0,138157.0,138157.0,2019-02-20,tqsdk_stage859_backtest,2019-02-20
OI905.CZCE,CZCE.OI905,2019-02-20 13:34:00,69272,6709.0,6709.0,6709.0,6709.0,0.0,138175.0,138175.0,2019-02-20,tqsdk_stage859_backtest,2019-02-20
OI905.CZCE,CZCE.OI905,2019-02-20 13:35:00,69273,6711.0,6711.0,6711.0,6711.0,0.0,138214.0,138214.0,2019-02-20,tqsdk_stage859_backtest,2019-02-20
OI905.CZCE,CZCE.OI905,2019-02-20 13:36:00,69274,6710.0,6710.0,6710.0,6710.0,0.0,138235.0,138235.0,2019-02-20,tqsdk_stage859_backtest,2019-02-20
OI905.CZCE,CZCE.OI905,2019-02-20 13:37:00,69275,6710.0,6710.0,6710.0,6710.0,0.0,138225.0,138225.0,2019-02-20,tqsdk_stage859_backtest,2019-02-20
OI905.CZCE,CZCE.OI905,2019-02-20 13:38:00,69276,6710.0,6710.0,6710.0,6710.0,0.0,138246.0,138246.0,2019-02-20,tqsdk_stage859_backtest,2019-02-20
OI905.CZCE,CZCE.OI905,2019-02-20 13:39:00,69277,6711.0,6711.0,6711.0,6711.0,0.0,138294.0,138294.0,2019-02-20,tqsdk_stage859_backtest,2019-02-20
OI905.CZCE,CZCE.OI905,2019-02-20 13:40:00,69278,6710.0,6710.0,6710.0,6710.0,0.0,138420.0,138420.0,2019-02-20,tqsdk_stage859_backtest,2019-02-20
OI905.CZCE,CZCE.OI905,2019-02-20 13:41:00,69279,6709.0,6709.0,6709.0,6709.0,0.0,138418.0,138418.0,2019-02-20,tqsdk_stage859_backtest,2019-02-20
OI905.CZCE,CZCE.OI905,2019-02-20 13:42:00,69280,6712.0,6712.0,6712.0,6712.0,0.0,138403.0,138403.0,2019-02-20,tqsdk_stage859_backtest,2019-02-20
OI905.CZCE,CZCE.OI905,2019-02-20 13:43:00,69281,6713.0,6713.0,6713.0,6713.0,0.0,138411.0,138411.0,2019-02-20,tqsdk_stage859_backtest,2019-02-20
OI905.CZCE,CZCE.OI905,2019-02-20 13:44:00,69282,6708.0,6708.0,6708.0,6708.0,0.0,138411.0,138411.0,2019-02-20,tqsdk_stage859_backtest,2019-02-20
OI905.CZCE,CZCE.OI905,2019-02-20 13:45:00,69283,6710.0,6710.0,6710.0,6710.0,0.0,138404.0,138404.0,2019-02-20,tqsdk_stage859_backtest,2019-02-20
OI905.CZCE,CZCE.OI905,2019-02-20 13:46:00,69284,6708.0,6708.0,6708.0,6708.0,0.0,138395.0,138395.0,2019-02-20,tqsdk_stage859_backtest,2019-02-20
OI905.CZCE,CZCE.OI905,2019-02-20 13:47:00,69285,6708.0,6708.0,6708.0,6708.0,0.0,138375.0,138375.0,2019-02-20,tqsdk_stage859_backtest,2019-02-20
OI905.CZCE,CZCE.OI905,2019-02-20 13:48:00,69286,6711.0,6711.0,6711.0,6711.0,0.0,138390.0,138390.0,2019-02-20,tqsdk_stage859_backtest,2019-02-20
OI905.CZCE,CZCE.OI905,2019-02-20 13:49:00,69287,6716.0,6716.0,6716.0,6716.0,0.0,138294.0,138294.0,2019-02-20,tqsdk_stage859_backtest,2019-02-20
OI905.CZCE,CZCE.OI905,2019-02-20 13:50:00,69288,6716.0,6716.0,6716.0,6716.0,0.0,138189.0,138189.0,2019-02-20,tqsdk_stage859_backtest,2019-02-20
OI905.CZCE,CZCE.OI905,2019-02-20 13:51:00,69289,6716.0,6716.0,6716.0,6716.0,0.0,138084.0,138084.0,2019-02-20,tqsdk_stage859_backtest,2019-02-20
OI905.CZCE,CZCE.OI905,2019-02-20 13:52:00,69290,6718.0,6718.0,6718.0,6718.0,0.0,137991.0,137991.0,2019-02-20,tqsdk_stage859_backtest,2019-02-20
OI905.CZCE,CZCE.OI905,2019-02-20 13:53:00,69291,6727.0,6727.0,6727.0,6727.0,0.0,138013.0,138013.0,2019-02-20,tqsdk_stage859_backtest,2019-02-20
OI905.CZCE,CZCE.OI905,2019-02-20 13:54:00,69292,6726.0,6726.0,6726.0,6726.0,0.0,138249.0,138249.0,2019-02-20,tqsdk_stage859_backtest,2019-02-20
OI905.CZCE,CZCE.OI905,2019-02-20 13:55:00,69293,6723.0,6723.0,6723.0,6723.0,0.0,138213.0,138213.0,2019-02-20,tqsdk_stage859_backtest,2019-02-20
OI905.CZCE,CZCE.OI905,2019-02-20 13:56:00,69294,6721.0,6721.0,6721.0,6721.0,0.0,138195.0,138195.0,2019-02-20,tqsdk_stage859_backtest,2019-02-20
OI905.CZCE,CZCE.OI905,2019-02-20 13:57:00,69295,6720.0,6720.0,6720.0,6720.0,0.0,138210.0,138210.0,2019-02-20,tqsdk_stage859_backtest,2019-02-20
OI905.CZCE,CZCE.OI905,2019-02-20 13:58:00,69296,6719.0,6719.0,6719.0,6719.0,0.0,138226.0,138226.0,2019-02-20,tqsdk_stage859_backtest,2019-02-20
OI905.CZCE,CZCE.OI905,2019-02-20 13:59:00,69297,6721.0,6721.0,6721.0,6721.0,0.0,138215.0,138215.0,2019-02-20,tqsdk_stage859_backtest,2019-02-20
OI905.CZCE,CZCE.OI905,2019-02-20 14:00:00,69298,6719.0,6719.0,6719.0,6719.0,0.0,138192.0,138192.0,2019-02-20,tqsdk_stage859_backtest,2019-02-20
OI905.CZCE,CZCE.OI905,2019-02-20 14:01:00,69299,6719.0,6719.0,6719.0,6719.0,0.0,138228.0,138228.0,2019-02-20,tqsdk_stage859_backtest,2019-02-20
OI905.CZCE,CZCE.OI905,2019-02-20 14:02:00,69300,6719.0,6719.0,6719.0,6719.0,0.0,138233.0,138233.0,2019-02-20,tqsdk_stage859_backtest,2019-02-20
OI905.CZCE,CZCE.OI905,2019-02-20 14:03:00,69301,6720.0,6720.0,6720.0,6720.0,0.0,138230.0,138230.0,2019-02-20,tqsdk_stage859_backtest,2019-02-20
OI905.CZCE,CZCE.OI905,2019-02-20 14:04:00,69302,6719.0,6719.0,6719.0,6719.0,0.0,138221.0,138221.0,2019-02-20,tqsdk_stage859_backtest,2019-02-20
OI905.CZCE,CZCE.OI905,2019-02-20 14:05:00,69303,6719.0,6719.0,6719.0,6719.0,0.0,138255.0,138255.0,2019-02-20,tqsdk_stage859_backtest,2019-02-20
OI905.CZCE,CZCE.OI905,2019-02-20 14:06:00,69304,6719.0,6719.0,6719.0,6719.0,0.0,138242.0,138242.0,2019-02-20,tqsdk_stage859_backtest,2019-02-20
OI905.CZCE,CZCE.OI905,2019-02-20 14:07:00,69305,6717.0,6717.0,6717.0,6717.0,0.0,138255.0,138255.0,2019-02-20,tqsdk_stage859_backtest,2019-02-20
OI905.CZCE,CZCE.OI905,2019-02-20 14:08:00,69306,6717.0,6717.0,6717.0,6717.0,0.0,138283.0,138283.0,2019-02-20,tqsdk_stage859_backtest,2019-02-20
OI905.CZCE,CZCE.OI905,2019-02-20 14:09:00,69307,6716.0,6716.0,6716.0,6716.0,0.0,138309.0,138309.0,2019-02-20,tqsdk_stage859_backtest,2019-02-20
OI905.CZCE,CZCE.OI905,2019-02-20 14:10:00,69308,6716.0,6716.0,6716.0,6716.0,0.0,138301.0,138301.0,2019-02-20,tqsdk_stage859_backtest,2019-02-20
OI905.CZCE,CZCE.OI905,2019-02-20 14:11:00,69309,6714.0,6714.0,6714.0,6714.0,0.0,138189.0,138189.0,2019-02-20,tqsdk_stage859_backtest,2019-02-20
OI905.CZCE,CZCE.OI905,2019-02-20 14:12:00,69310,6715.0,6715.0,6715.0,6715.0,0.0,138177.0,138177.0,2019-02-20,tqsdk_stage859_backtest,2019-02-20
OI905.CZCE,CZCE.OI905,2019-02-20 14:13:00,69311,6716.0,6716.0,6716.0,6716.0,0.0,138179.0,138179.0,2019-02-20,tqsdk_stage859_backtest,2019-02-20
OI905.CZCE,CZCE.OI905,2019-02-20 14:14:00,69312,6716.0,6716.0,6716.0,6716.0,0.0,138167.0,138167.0,2019-02-20,tqsdk_stage859_backtest,2019-02-20
OI905.CZCE,CZCE.OI905,2019-02-20 14:15:00,69313,6714.0,6714.0,6714.0,6714.0,0.0,138144.0,138144.0,2019-02-20,tqsdk_stage859_backtest,2019-02-20
OI905.CZCE,CZCE.OI905,2019-02-20 14:16:00,69314,6707.0,6707.0,6707.0,6707.0,0.0,138198.0,138198.0,2019-02-20,tqsdk_stage859_backtest,2019-02-20
OI905.CZCE,CZCE.OI905,2019-02-20 14:17:00,69315,6709.0,6709.0,6709.0,6709.0,0.0,138267.0,138267.0,2019-02-20,tqsdk_stage859_backtest,2019-02-20
OI905.CZCE,CZCE.OI905,2019-02-20 14:18:00,69316,6710.0,6710.0,6710.0,6710.0,0.0,138361.0,138361.0,2019-02-20,tqsdk_stage859_backtest,2019-02-20
OI905.CZCE,CZCE.OI905,2019-02-20 14:19:00,69317,6710.0,6710.0,6710.0,6710.0,0.0,138432.0,138432.0,2019-02-20,tqsdk_stage859_backtest,2019-02-20
OI905.CZCE,CZCE.OI905,2019-02-20 14:20:00,69318,6710.0,6710.0,6710.0,6710.0,0.0,138403.0,138403.0,2019-02-20,tqsdk_stage859_backtest,2019-02-20
OI905.CZCE,CZCE.OI905,2019-02-20 14:21:00,69319,6709.0,6709.0,6709.0,6709.0,0.0,138362.0,138362.0,2019-02-20,tqsdk_stage859_backtest,2019-02-20
OI905.CZCE,CZCE.OI905,2019-02-20 14:22:00,69320,6707.0,6707.0,6707.0,6707.0,0.0,138407.0,138407.0,2019-02-20,tqsdk_stage859_backtest,2019-02-20
OI905.CZCE,CZCE.OI905,2019-02-20 14:23:00,69321,6709.0,6709.0,6709.0,6709.0,0.0,138372.0,138372.0,2019-02-20,tqsdk_stage859_backtest,2019-02-20
OI905.CZCE,CZCE.OI905,2019-02-20 14:24:00,69322,6707.0,6707.0,6707.0,6707.0,0.0,138418.0,138418.0,2019-02-20,tqsdk_stage859_backtest,2019-02-20
OI905.CZCE,CZCE.OI905,2019-02-20 14:25:00,69323,6707.0,6707.0,6707.0,6707.0,0.0,138524.0,138524.0,2019-02-20,tqsdk_stage859_backtest,2019-02-20
OI905.CZCE,CZCE.OI905,2019-02-20 14:26:00,69324,6708.0,6708.0,6708.0,6708.0,0.0,138520.0,138520.0,2019-02-20,tqsdk_stage859_backtest,2019-02-20
OI905.CZCE,CZCE.OI905,2019-02-20 14:27:00,69325,6709.0,6709.0,6709.0,6709.0,0.0,138534.0,138534.0,2019-02-20,tqsdk_stage859_backtest,2019-02-20
OI905.CZCE,CZCE.OI905,2019-02-20 14:28:00,69326,6711.0,6711.0,6711.0,6711.0,0.0,138511.0,138511.0,2019-02-20,tqsdk_stage859_backtest,2019-02-20
OI905.CZCE,CZCE.OI905,2019-02-20 14:29:00,69327,6714.0,6714.0,6714.0,6714.0,0.0,138485.0,138485.0,2019-02-20,tqsdk_stage859_backtest,2019-02-20
OI905.CZCE,CZCE.OI905,2019-02-20 14:30:00,69328,6712.0,6712.0,6712.0,6712.0,0.0,138440.0,138440.0,2019-02-20,tqsdk_stage859_backtest,2019-02-20
OI905.CZCE,CZCE.OI905,2019-02-20 14:31:00,69329,6712.0,6712.0,6712.0,6712.0,0.0,138475.0,138475.0,2019-02-20,tqsdk_stage859_backtest,2019-02-20
OI905.CZCE,CZCE.OI905,2019-02-20 14:32:00,69330,6711.0,6711.0,6711.0,6711.0,0.0,138475.0,138475.0,2019-02-20,tqsdk_stage859_backtest,2019-02-20
OI905.CZCE,CZCE.OI905,2019-02-20 14:33:00,69331,6711.0,6711.0,6711.0,6711.0,0.0,138469.0,138469.0,2019-02-20,tqsdk_stage859_backtest,2019-02-20
OI905.CZCE,CZCE.OI905,2019-02-20 14:34:00,69332,6710.0,6710.0,6710.0,6710.0,0.0,138458.0,138458.0,2019-02-20,tqsdk_stage859_backtest,2019-02-20
OI905.CZCE,CZCE.OI905,2019-02-20 14:35:00,69333,6712.0,6712.0,6712.0,6712.0,0.0,138418.0,138418.0,2019-02-20,tqsdk_stage859_backtest,2019-02-20
OI905.CZCE,CZCE.OI905,2019-02-20 14:36:00,69334,6712.0,6712.0,6712.0,6712.0,0.0,138399.0,138399.0,2019-02-20,tqsdk_stage859_backtest,2019-02-20
OI905.CZCE,CZCE.OI905,2019-02-20 14:37:00,69335,6713.0,6713.0,6713.0,6713.0,0.0,138409.0,138409.0,2019-02-20,tqsdk_stage859_backtest,2019-02-20
OI905.CZCE,CZCE.OI905,2019-02-20 14:38:00,69336,6712.0,6712.0,6712.0,6712.0,0.0,138419.0,138419.0,2019-02-20,tqsdk_stage859_backtest,2019-02-20
OI905.CZCE,CZCE.OI905,2019-02-20 14:39:00,69337,6708.0,6708.0,6708.0,6708.0,0.0,138279.0,138279.0,2019-02-20,tqsdk_stage859_backtest,2019-02-20
OI905.CZCE,CZCE.OI905,2019-02-20 14:40:00,69338,6711.0,6711.0,6711.0,6711.0,0.0,138299.0,138299.0,2019-02-20,tqsdk_stage859_backtest,2019-02-20
OI905.CZCE,CZCE.OI905,2019-02-20 14:41:00,69339,6711.0,6711.0,6711.0,6711.0,0.0,138350.0,138350.0,2019-02-20,tqsdk_stage859_backtest,2019-02-20
OI905.CZCE,CZCE.OI905,2019-02-20 14:42:00,69340,6713.0,6713.0,6713.0,6713.0,0.0,138354.0,138354.0,2019-02-20,tqsdk_stage859_backtest,2019-02-20
OI905.CZCE,CZCE.OI905,2019-02-20 14:43:00,69341,6714.0,6714.0,6714.0,6714.0,0.0,138385.0,138385.0,2019-02-20,tqsdk_stage859_backtest,2019-02-20
OI905.CZCE,CZCE.OI905,2019-02-20 14:44:00,69342,6713.0,6713.0,6713.0,6713.0,0.0,138481.0,138481.0,2019-02-20,tqsdk_stage859_backtest,2019-02-20
OI905.CZCE,CZCE.OI905,2019-02-20 14:45:00,69343,6712.0,6712.0,6712.0,6712.0,0.0,138571.0,138571.0,2019-02-20,tqsdk_stage859_backtest,2019-02-20
OI905.CZCE,CZCE.OI905,2019-02-20 14:46:00,69344,6716.0,6716.0,6716.0,6716.0,0.0,138772.0,138772.0,2019-02-20,tqsdk_stage859_backtest,2019-02-20
OI905.CZCE,CZCE.OI905,2019-02-20 14:47:00,69345,6717.0,6717.0,6717.0,6717.0,0.0,138912.0,138912.0,2019-02-20,tqsdk_stage859_backtest,2019-02-20
OI905.CZCE,CZCE.OI905,2019-02-20 14:48:00,69346,6716.0,6716.0,6716.0,6716.0,0.0,138958.0,138958.0,2019-02-20,tqsdk_stage859_backtest,2019-02-20
OI905.CZCE,CZCE.OI905,2019-02-20 14:49:00,69347,6716.0,6716.0,6716.0,6716.0,0.0,138956.0,138956.0,2019-02-20,tqsdk_stage859_backtest,2019-02-20
OI905.CZCE,CZCE.OI905,2019-02-20 14:50:00,69348,6715.0,6715.0,6715.0,6715.0,0.0,138982.0,138982.0,2019-02-20,tqsdk_stage859_backtest,2019-02-20
OI905.CZCE,CZCE.OI905,2019-02-20 14:51:00,69349,6716.0,6716.0,6716.0,6716.0,0.0,138935.0,138935.0,2019-02-20,tqsdk_stage859_backtest,2019-02-20
OI905.CZCE,CZCE.OI905,2019-02-20 14:52:00,69350,6717.0,6717.0,6717.0,6717.0,0.0,138865.0,138865.0,2019-02-20,tqsdk_stage859_backtest,2019-02-20
OI905.CZCE,CZCE.OI905,2019-02-20 14:53:00,69351,6716.0,6716.0,6716.0,6716.0,0.0,138894.0,138894.0,2019-02-20,tqsdk_stage859_backtest,2019-02-20
OI905.CZCE,CZCE.OI905,2019-02-20 14:54:00,69352,6716.0,6716.0,6716.0,6716.0,0.0,138925.0,138925.0,2019-02-20,tqsdk_stage859_backtest,2019-02-20
OI905.CZCE,CZCE.OI905,2019-02-20 14:55:00,69353,6715.0,6715.0,6715.0,6715.0,0.0,138611.0,138611.0,2019-02-20,tqsdk_stage859_backtest,2019-02-20
OI905.CZCE,CZCE.OI905,2019-02-20 14:56:00,69354,6712.0,6712.0,6712.0,6712.0,0.0,138548.0,138548.0,2019-02-20,tqsdk_stage859_backtest,2019-02-20
OI905.CZCE,CZCE.OI905,2019-02-20 14:57:00,69355,6713.0,6713.0,6713.0,6713.0,0.0,138503.0,138503.0,2019-02-20,tqsdk_stage859_backtest,2019-02-20
OI905.CZCE,CZCE.OI905,2019-02-20 14:58:00,69356,6716.0,6716.0,6716.0,6716.0,0.0,138440.0,138440.0,2019-02-20,tqsdk_stage859_backtest,2019-02-20
OI905.CZCE,CZCE.OI905,2019-02-20 14:59:00,69357,6715.0,6715.0,6715.0,6715.0,0.0,138382.0,138382.0,2019-02-20,tqsdk_stage859_backtest,2019-02-20
OI905.CZCE,CZCE.OI905,2019-02-20 21:00:00,69358,6704.0,6704.0,6704.0,6704.0,0.0,138291.0,138291.0,2019-02-20,tqsdk_stage859_backtest,2019-02-20
OI905.CZCE,CZCE.OI905,2019-02-20 21:01:00,69359,6688.0,6688.0,6688.0,6688.0,0.0,138004.0,138004.0,2019-02-20,tqsdk_stage859_backtest,2019-02-20
OI905.CZCE,CZCE.OI905,2019-02-20 21:02:00,69360,6694.0,6694.0,6694.0,6694.0,0.0,138024.0,138024.0,2019-02-20,tqsdk_stage859_backtest,2019-02-20
OI905.CZCE,CZCE.OI905,2019-02-20 21:03:00,69361,6693.0,6693.0,6693.0,6693.0,0.0,138010.0,138010.0,2019-02-20,tqsdk_stage859_backtest,2019-02-20
OI905.CZCE,CZCE.OI905,2019-02-20 21:04:00,69362,6689.0,6689.0,6689.0,6689.0,0.0,137930.0,137930.0,2019-02-20,tqsdk_stage859_backtest,2019-02-20
OI905.CZCE,CZCE.OI905,2019-02-20 21:05:00,69363,6688.0,6688.0,6688.0,6688.0,0.0,137887.0,137887.0,2019-02-20,tqsdk_stage859_backtest,2019-02-20
OI905.CZCE,CZCE.OI905,2019-02-20 21:06:00,69364,6680.0,6680.0,6680.0,6680.0,0.0,137798.0,137798.0,2019-02-20,tqsdk_stage859_backtest,2019-02-20
OI905.CZCE,CZCE.OI905,2019-02-20 21:07:00,69365,6684.0,6684.0,6684.0,6684.0,0.0,137791.0,137791.0,2019-02-20,tqsdk_stage859_backtest,2019-02-20
OI905.CZCE,CZCE.OI905,2019-02-20 21:08:00,69366,6684.0,6684.0,6684.0,6684.0,0.0,137811.0,137811.0,2019-02-20,tqsdk_stage859_backtest,2019-02-20
OI905.CZCE,CZCE.OI905,2019-02-20 21:09:00,69367,6685.0,6685.0,6685.0,6685.0,0.0,137790.0,137790.0,2019-02-20,tqsdk_stage859_backtest,2019-02-20
OI905.CZCE,CZCE.OI905,2019-02-20 21:10:00,69368,6689.0,6689.0,6689.0,6689.0,0.0,137711.0,137711.0,2019-02-20,tqsdk_stage859_backtest,2019-02-20
OI905.CZCE,CZCE.OI905,2019-02-20 21:11:00,69369,6687.0,6687.0,6687.0,6687.0,0.0,137646.0,137646.0,2019-02-20,tqsdk_stage859_backtest,2019-02-20
OI905.CZCE,CZCE.OI905,2019-02-20 21:12:00,69370,6687.0,6687.0,6687.0,6687.0,0.0,137657.0,137657.0,2019-02-20,tqsdk_stage859_backtest,2019-02-20
OI905.CZCE,CZCE.OI905,2019-02-20 21:13:00,69371,6686.0,6686.0,6686.0,6686.0,0.0,137570.0,137570.0,2019-02-20,tqsdk_stage859_backtest,2019-02-20
OI905.CZCE,CZCE.OI905,2019-02-20 21:14:00,69372,6685.0,6685.0,6685.0,6685.0,0.0,137618.0,137618.0,2019-02-20,tqsdk_stage859_backtest,2019-02-20
OI905.CZCE,CZCE.OI905,2019-02-20 21:15:00,69373,6684.0,6684.0,6684.0,6684.0,0.0,137590.0,137590.0,2019-02-20,tqsdk_stage859_backtest,2019-02-20
OI905.CZCE,CZCE.OI905,2019-02-20 21:16:00,69374,6683.0,6683.0,6683.0,6683.0,0.0,137572.0,137572.0,2019-02-20,tqsdk_stage859_backtest,2019-02-20
OI905.CZCE,CZCE.OI905,2019-02-20 21:17:00,69375,6681.0,6681.0,6681.0,6681.0,0.0,137600.0,137600.0,2019-02-20,tqsdk_stage859_backtest,2019-02-20
OI905.CZCE,CZCE.OI905,2019-02-20 21:18:00,69376,6680.0,6680.0,6680.0,6680.0,0.0,137595.0,137595.0,2019-02-20,tqsdk_stage859_backtest,2019-02-20
OI905.CZCE,CZCE.OI905,2019-02-20 21:19:00,69377,6684.0,6684.0,6684.0,6684.0,0.0,137561.0,137561.0,2019-02-20,tqsdk_stage859_backtest,2019-02-20
OI905.CZCE,CZCE.OI905,2019-02-20 21:20:00,69378,6683.0,6683.0,6683.0,6683.0,0.0,137553.0,137553.0,2019-02-20,tqsdk_stage859_backtest,2019-02-20
OI905.CZCE,CZCE.OI905,2019-02-20 21:21:00,69379,6679.0,6679.0,6679.0,6679.0,0.0,137527.0,137527.0,2019-02-20,tqsdk_stage859_backtest,2019-02-20
OI905.CZCE,CZCE.OI905,2019-02-20 21:22:00,69380,6678.0,6678.0,6678.0,6678.0,0.0,137490.0,137490.0,2019-02-20,tqsdk_stage859_backtest,2019-02-20
OI905.CZCE,CZCE.OI905,2019-02-20 21:23:00,69381,6680.0,6680.0,6680.0,6680.0,0.0,137509.0,137509.0,2019-02-20,tqsdk_stage859_backtest,2019-02-20
OI905.CZCE,CZCE.OI905,2019-02-20 21:24:00,69382,6681.0,6681.0,6681.0,6681.0,0.0,137482.0,137482.0,2019-02-20,tqsdk_stage859_backtest,2019-02-20
OI905.CZCE,CZCE.OI905,2019-02-20 21:25:00,69383,6681.0,6681.0,6681.0,6681.0,0.0,137485.0,137485.0,2019-02-20,tqsdk_stage859_backtest,2019-02-20
OI905.CZCE,CZCE.OI905,2019-02-20 21:26:00,69384,6685.0,6685.0,6685.0,6685.0,0.0,137490.0,137490.0,2019-02-20,tqsdk_stage859_backtest,2019-02-20
OI905.CZCE,CZCE.OI905,2019-02-20 21:27:00,69385,6683.0,6683.0,6683.0,6683.0,0.0,137497.0,137497.0,2019-02-20,tqsdk_stage859_backtest,2019-02-20
OI905.CZCE,CZCE.OI905,2019-02-20 21:28:00,69386,6682.0,6682.0,6682.0,6682.0,0.0,137500.0,137500.0,2019-02-20,tqsdk_stage859_backtest,2019-02-20
OI905.CZCE,CZCE.OI905,2019-02-20 21:29:00,69387,6684.0,6684.0,6684.0,6684.0,0.0,137494.0,137494.0,2019-02-20,tqsdk_stage859_backtest,2019-02-20
OI905.CZCE,CZCE.OI905,2019-02-20 21:30:00,69388,6683.0,6683.0,6683.0,6683.0,0.0,137494.0,137494.0,2019-02-20,tqsdk_stage859_backtest,2019-02-20
OI905.CZCE,CZCE.OI905,2019-02-20 21:31:00,69389,6681.0,6681.0,6681.0,6681.0,0.0,137498.0,137498.0,2019-02-20,tqsdk_stage859_backtest,2019-02-20
OI905.CZCE,CZCE.OI905,2019-02-20 21:32:00,69390,6680.0,6680.0,6680.0,6680.0,0.0,137469.0,137469.0,2019-02-20,tqsdk_stage859_backtest,2019-02-20
OI905.CZCE,CZCE.OI905,2019-02-20 21:33:00,69391,6680.0,6680.0,6680.0,6680.0,0.0,137491.0,137491.0,2019-02-20,tqsdk_stage859_backtest,2019-02-20
OI905.CZCE,CZCE.OI905,2019-02-20 21:34:00,69392,6680.0,6680.0,6680.0,6680.0,0.0,137453.0,137453.0,2019-02-20,tqsdk_stage859_backtest,2019-02-20
OI905.CZCE,CZCE.OI905,2019-02-20 21:35:00,69393,6682.0,6682.0,6682.0,6682.0,0.0,137435.0,137435.0,2019-02-20,tqsdk_stage859_backtest,2019-02-20
OI905.CZCE,CZCE.OI905,2019-02-20 21:36:00,69394,6684.0,6684.0,6684.0,6684.0,0.0,137445.0,137445.0,2019-02-20,tqsdk_stage859_backtest,2019-02-20
OI905.CZCE,CZCE.OI905,2019-02-20 21:37:00,69395,6684.0,6684.0,6684.0,6684.0,0.0,137448.0,137448.0,2019-02-20,tqsdk_stage859_backtest,2019-02-20
OI905.CZCE,CZCE.OI905,2019-02-20 21:38:00,69396,6681.0,6681.0,6681.0,6681.0,0.0,137419.0,137419.0,2019-02-20,tqsdk_stage859_backtest,2019-02-20
OI905.CZCE,CZCE.OI905,2019-02-20 21:39:00,69397,6681.0,6681.0,6681.0,6681.0,0.0,137408.0,137408.0,2019-02-20,tqsdk_stage859_backtest,2019-02-20
OI905.CZCE,CZCE.OI905,2019-02-20 21:40:00,69398,6682.0,6682.0,6682.0,6682.0,0.0,137404.0,137404.0,2019-02-20,tqsdk_stage859_backtest,2019-02-20
OI905.CZCE,CZCE.OI905,2019-02-20 21:41:00,69399,6680.0,6680.0,6680.0,6680.0,0.0,137385.0,137385.0,2019-02-20,tqsdk_stage859_backtest,2019-02-20
OI905.CZCE,CZCE.OI905,2019-02-20 21:42:00,69400,6679.0,6679.0,6679.0,6679.0,0.0,137390.0,137390.0,2019-02-20,tqsdk_stage859_backtest,2019-02-20
OI905.CZCE,CZCE.OI905,2019-02-20 21:43:00,69401,6680.0,6680.0,6680.0,6680.0,0.0,137398.0,137398.0,2019-02-20,tqsdk_stage859_backtest,2019-02-20
OI905.CZCE,CZCE.OI905,2019-02-20 21:44:00,69402,6678.0,6678.0,6678.0,6678.0,0.0,137378.0,137378.0,2019-02-20,tqsdk_stage859_backtest,2019-02-20
OI905.CZCE,CZCE.OI905,2019-02-20 21:45:00,69403,6676.0,6676.0,6676.0,6676.0,0.0,137443.0,137443.0,2019-02-20,tqsdk_stage859_backtest,2019-02-20
OI905.CZCE,CZCE.OI905,2019-02-20 21:46:00,69404,6675.0,6675.0,6675.0,6675.0,0.0,137523.0,137523.0,2019-02-20,tqsdk_stage859_backtest,2019-02-20
OI905.CZCE,CZCE.OI905,2019-02-20 21:47:00,69405,6670.0,6670.0,6670.0,6670.0,0.0,137536.0,137536.0,2019-02-20,tqsdk_stage859_backtest,2019-02-20
OI905.CZCE,CZCE.OI905,2019-02-20 21:48:00,69406,6667.0,6667.0,6667.0,6667.0,0.0,137670.0,137670.0,2019-02-20,tqsdk_stage859_backtest,2019-02-20
OI905.CZCE,CZCE.OI905,2019-02-20 21:49:00,69407,6669.0,6669.0,6669.0,6669.0,0.0,137721.0,137721.0,2019-02-20,tqsdk_stage859_backtest,2019-02-20
OI905.CZCE,CZCE.OI905,2019-02-20 21:50:00,69408,6673.0,6673.0,6673.0,6673.0,0.0,137651.0,137651.0,2019-02-20,tqsdk_stage859_backtest,2019-02-20
OI905.CZCE,CZCE.OI905,2019-02-20 21:51:00,69409,6675.0,6675.0,6675.0,6675.0,0.0,137580.0,137580.0,2019-02-20,tqsdk_stage859_backtest,2019-02-20
OI905.CZCE,CZCE.OI905,2019-02-20 21:52:00,69410,6678.0,6678.0,6678.0,6678.0,0.0,137523.0,137523.0,2019-02-20,tqsdk_stage859_backtest,2019-02-20
OI905.CZCE,CZCE.OI905,2019-02-20 21:53:00,69411,6678.0,6678.0,6678.0,6678.0,0.0,137446.0,137446.0,2019-02-20,tqsdk_stage859_backtest,2019-02-20
OI905.CZCE,CZCE.OI905,2019-02-20 21:54:00,69412,6677.0,6677.0,6677.0,6677.0,0.0,137404.0,137404.0,2019-02-20,tqsdk_stage859_backtest,2019-02-20
OI905.CZCE,CZCE.OI905,2019-02-20 21:55:00,69413,6677.0,6677.0,6677.0,6677.0,0.0,137376.0,137376.0,2019-02-20,tqsdk_stage859_backtest,2019-02-20
OI905.CZCE,CZCE.OI905,2019-02-20 21:56:00,69414,6673.0,6673.0,6673.0,6673.0,0.0,137160.0,137160.0,2019-02-20,tqsdk_stage859_backtest,2019-02-20
OI905.CZCE,CZCE.OI905,2019-02-20 21:57:00,69415,6671.0,6671.0,6671.0,6671.0,0.0,137077.0,137077.0,2019-02-20,tqsdk_stage859_backtest,2019-02-20
OI905.CZCE,CZCE.OI905,2019-02-20 21:58:00,69416,6671.0,6671.0,6671.0,6671.0,0.0,136990.0,136990.0,2019-02-20,tqsdk_stage859_backtest,2019-02-20
OI905.CZCE,CZCE.OI905,2019-02-20 21:59:00,69417,6672.0,6672.0,6672.0,6672.0,0.0,137025.0,137025.0,2019-02-20,tqsdk_stage859_backtest,2019-02-20
OI905.CZCE,CZCE.OI905,2019-02-20 22:00:00,69418,6677.0,6677.0,6677.0,6677.0,0.0,137001.0,137001.0,2019-02-20,tqsdk_stage859_backtest,2019-02-20
OI905.CZCE,CZCE.OI905,2019-02-20 22:01:00,69419,6679.0,6679.0,6679.0,6679.0,0.0,136725.0,136725.0,2019-02-20,tqsdk_stage859_backtest,2019-02-20
OI905.CZCE,CZCE.OI905,2019-02-20 22:02:00,69420,6682.0,6682.0,6682.0,6682.0,0.0,136509.0,136509.0,2019-02-20,tqsdk_stage859_backtest,2019-02-20
OI905.CZCE,CZCE.OI905,2019-02-20 22:03:00,69421,6684.0,6684.0,6684.0,6684.0,0.0,136367.0,136367.0,2019-02-20,tqsdk_stage859_backtest,2019-02-20
OI905.CZCE,CZCE.OI905,2019-02-20 22:04:00,69422,6684.0,6684.0,6684.0,6684.0,0.0,136312.0,136312.0,2019-02-20,tqsdk_stage859_backtest,2019-02-20
OI905.CZCE,CZCE.OI905,2019-02-20 22:05:00,69423,6683.0,6683.0,6683.0,6683.0,0.0,136293.0,136293.0,2019-02-20,tqsdk_stage859_backtest,2019-02-20
OI905.CZCE,CZCE.OI905,2019-02-20 22:06:00,69424,6684.0,6684.0,6684.0,6684.0,0.0,136277.0,136277.0,2019-02-20,tqsdk_stage859_backtest,2019-02-20
OI905.CZCE,CZCE.OI905,2019-02-20 22:07:00,69425,6682.0,6682.0,6682.0,6682.0,0.0,136271.0,136271.0,2019-02-20,tqsdk_stage859_backtest,2019-02-20
OI905.CZCE,CZCE.OI905,2019-02-20 22:08:00,69426,6680.0,6680.0,6680.0,6680.0,0.0,136248.0,136248.0,2019-02-20,tqsdk_stage859_backtest,2019-02-20
OI905.CZCE,CZCE.OI905,2019-02-20 22:09:00,69427,6679.0,6679.0,6679.0,6679.0,0.0,136220.0,136220.0,2019-02-20,tqsdk_stage859_backtest,2019-02-20
OI905.CZCE,CZCE.OI905,2019-02-20 22:10:00,69428,6678.0,6678.0,6678.0,6678.0,0.0,136221.0,136221.0,2019-02-20,tqsdk_stage859_backtest,2019-02-20
OI905.CZCE,CZCE.OI905,2019-02-20 22:11:00,69429,6677.0,6677.0,6677.0,6677.0,0.0,136215.0,136215.0,2019-02-20,tqsdk_stage859_backtest,2019-02-20
OI905.CZCE,CZCE.OI905,2019-02-20 22:12:00,69430,6675.0,6675.0,6675.0,6675.0,0.0,136116.0,136116.0,2019-02-20,tqsdk_stage859_backtest,2019-02-20
OI905.CZCE,CZCE.OI905,2019-02-20 22:13:00,69431,6677.0,6677.0,6677.0,6677.0,0.0,136098.0,136098.0,2019-02-20,tqsdk_stage859_backtest,2019-02-20
OI905.CZCE,CZCE.OI905,2019-02-20 22:14:00,69432,6680.0,6680.0,6680.0,6680.0,0.0,136097.0,136097.0,2019-02-20,tqsdk_stage859_backtest,2019-02-20
OI905.CZCE,CZCE.OI905,2019-02-20 22:15:00,69433,6679.0,6679.0,6679.0,6679.0,0.0,136013.0,136013.0,2019-02-20,tqsdk_stage859_backtest,2019-02-20
OI905.CZCE,CZCE.OI905,2019-02-20 22:16:00,69434,6680.0,6680.0,6680.0,6680.0,0.0,135986.0,135986.0,2019-02-20,tqsdk_stage859_backtest,2019-02-20
OI905.CZCE,CZCE.OI905,2019-02-20 22:17:00,69435,6681.0,6681.0,6681.0,6681.0,0.0,136179.0,136179.0,2019-02-20,tqsdk_stage859_backtest,2019-02-20
OI905.CZCE,CZCE.OI905,2019-02-20 22:18:00,69436,6681.0,6681.0,6681.0,6681.0,0.0,136166.0,136166.0,2019-02-20,tqsdk_stage859_backtest,2019-02-20
OI905.CZCE,CZCE.OI905,2019-02-20 22:19:00,69437,6679.0,6679.0,6679.0,6679.0,0.0,136158.0,136158.0,2019-02-20,tqsdk_stage859_backtest,2019-02-20
OI905.CZCE,CZCE.OI905,2019-02-20 22:20:00,69438,6680.0,6680.0,6680.0,6680.0,0.0,136144.0,136144.0,2019-02-20,tqsdk_stage859_backtest,2019-02-20
OI905.CZCE,CZCE.OI905,2019-02-20 22:21:00,69439,6679.0,6679.0,6679.0,6679.0,0.0,136133.0,136133.0,2019-02-20,tqsdk_stage859_backtest,2019-02-20
OI905.CZCE,CZCE.OI905,2019-02-20 22:22:00,69440,6679.0,6679.0,6679.0,6679.0,0.0,136118.0,136118.0,2019-02-20,tqsdk_stage859_backtest,2019-02-20
OI905.CZCE,CZCE.OI905,2019-02-20 22:23:00,69441,6681.0,6681.0,6681.0,6681.0,0.0,136099.0,136099.0,2019-02-20,tqsdk_stage859_backtest,2019-02-20
OI905.CZCE,CZCE.OI905,2019-02-20 22:24:00,69442,6681.0,6681.0,6681.0,6681.0,0.0,136084.0,136084.0,2019-02-20,tqsdk_stage859_backtest,2019-02-20
OI905.CZCE,CZCE.OI905,2019-02-20 22:25:00,69443,6680.0,6680.0,6680.0,6680.0,0.0,136066.0,136066.0,2019-02-20,tqsdk_stage859_backtest,2019-02-20
OI905.CZCE,CZCE.OI905,2019-02-20 22:26:00,69444,6681.0,6681.0,6681.0,6681.0,0.0,136033.0,136033.0,2019-02-20,tqsdk_stage859_backtest,2019-02-20
OI905.CZCE,CZCE.OI905,2019-02-20 22:27:00,69445,6682.0,6682.0,6682.0,6682.0,0.0,136020.0,136020.0,2019-02-20,tqsdk_stage859_backtest,2019-02-20
OI905.CZCE,CZCE.OI905,2019-02-20 22:28:00,69446,6682.0,6682.0,6682.0,6682.0,0.0,135990.0,135990.0,2019-02-20,tqsdk_stage859_backtest,2019-02-20
OI905.CZCE,CZCE.OI905,2019-02-20 22:29:00,69447,6684.0,6684.0,6684.0,6684.0,0.0,136095.0,136095.0,2019-02-20,tqsdk_stage859_backtest,2019-02-20
OI905.CZCE,CZCE.OI905,2019-02-20 22:30:00,69448,6685.0,6685.0,6685.0,6685.0,0.0,136090.0,136090.0,2019-02-20,tqsdk_stage859_backtest,2019-02-20
OI905.CZCE,CZCE.OI905,2019-02-20 22:31:00,69449,6683.0,6683.0,6683.0,6683.0,0.0,136120.0,136120.0,2019-02-20,tqsdk_stage859_backtest,2019-02-20
OI905.CZCE,CZCE.OI905,2019-02-20 22:32:00,69450,6683.0,6683.0,6683.0,6683.0,0.0,136077.0,136077.0,2019-02-20,tqsdk_stage859_backtest,2019-02-20
OI905.CZCE,CZCE.OI905,2019-02-20 22:33:00,69451,6684.0,6684.0,6684.0,6684.0,0.0,136018.0,136018.0,2019-02-20,tqsdk_stage859_backtest,2019-02-20
OI905.CZCE,CZCE.OI905,2019-02-20 22:34:00,69452,6686.0,6686.0,6686.0,6686.0,0.0,135910.0,135910.0,2019-02-20,tqsdk_stage859_backtest,2019-02-20
OI905.CZCE,CZCE.OI905,2019-02-20 22:35:00,69453,6684.0,6684.0,6684.0,6684.0,0.0,135899.0,135899.0,2019-02-20,tqsdk_stage859_backtest,2019-02-20
OI905.CZCE,CZCE.OI905,2019-02-20 22:36:00,69454,6683.0,6683.0,6683.0,6683.0,0.0,135884.0,135884.0,2019-02-20,tqsdk_stage859_backtest,2019-02-20
OI905.CZCE,CZCE.OI905,2019-02-20 22:37:00,69455,6683.0,6683.0,6683.0,6683.0,0.0,135881.0,135881.0,2019-02-20,tqsdk_stage859_backtest,2019-02-20
OI905.CZCE,CZCE.OI905,2019-02-20 22:38:00,69456,6681.0,6681.0,6681.0,6681.0,0.0,135865.0,135865.0,2019-02-20,tqsdk_stage859_backtest,2019-02-20
OI905.CZCE,CZCE.OI905,2019-02-20 22:39:00,69457,6681.0,6681.0,6681.0,6681.0,0.0,135832.0,135832.0,2019-02-20,tqsdk_stage859_backtest,2019-02-20
OI905.CZCE,CZCE.OI905,2019-02-20 22:40:00,69458,6681.0,6681.0,6681.0,6681.0,0.0,135834.0,135834.0,2019-02-20,tqsdk_stage859_backtest,2019-02-20
OI905.CZCE,CZCE.OI905,2019-02-20 22:41:00,69459,6680.0,6680.0,6680.0,6680.0,0.0,135835.0,135835.0,2019-02-20,tqsdk_stage859_backtest,2019-02-20
OI905.CZCE,CZCE.OI905,2019-02-20 22:42:00,69460,6683.0,6683.0,6683.0,6683.0,0.0,135827.0,135827.0,2019-02-20,tqsdk_stage859_backtest,2019-02-20
OI905.CZCE,CZCE.OI905,2019-02-20 22:43:00,69461,6679.0,6679.0,6679.0,6679.0,0.0,135789.0,135789.0,2019-02-20,tqsdk_stage859_backtest,2019-02-20
OI905.CZCE,CZCE.OI905,2019-02-20 22:44:00,69462,6680.0,6680.0,6680.0,6680.0,0.0,135786.0,135786.0,2019-02-20,tqsdk_stage859_backtest,2019-02-20
OI905.CZCE,CZCE.OI905,2019-02-20 22:45:00,69463,6682.0,6682.0,6682.0,6682.0,0.0,135799.0,135799.0,2019-02-20,tqsdk_stage859_backtest,2019-02-20
OI905.CZCE,CZCE.OI905,2019-02-20 22:46:00,69464,6678.0,6678.0,6678.0,6678.0,0.0,135815.0,135815.0,2019-02-20,tqsdk_stage859_backtest,2019-02-20
OI905.CZCE,CZCE.OI905,2019-02-20 22:47:00,69465,6677.0,6677.0,6677.0,6677.0,0.0,135774.0,135774.0,2019-02-20,tqsdk_stage859_backtest,2019-02-20
OI905.CZCE,CZCE.OI905,2019-02-20 22:48:00,69466,6676.0,6676.0,6676.0,6676.0,0.0,135768.0,135768.0,2019-02-20,tqsdk_stage859_backtest,2019-02-20
OI905.CZCE,CZCE.OI905,2019-02-20 22:49:00,69467,6677.0,6677.0,6677.0,6677.0,0.0,135698.0,135698.0,2019-02-20,tqsdk_stage859_backtest,2019-02-20
OI905.CZCE,CZCE.OI905,2019-02-20 22:50:00,69468,6677.0,6677.0,6677.0,6677.0,0.0,135701.0,135701.0,2019-02-20,tqsdk_stage859_backtest,2019-02-20
OI905.CZCE,CZCE.OI905,2019-02-20 22:51:00,69469,6677.0,6677.0,6677.0,6677.0,0.0,135703.0,135703.0,2019-02-20,tqsdk_stage859_backtest,2019-02-20
OI905.CZCE,CZCE.OI905,2019-02-20 22:52:00,69470,6679.0,6679.0,6679.0,6679.0,0.0,135661.0,135661.0,2019-02-20,tqsdk_stage859_backtest,2019-02-20
OI905.CZCE,CZCE.OI905,2019-02-20 22:53:00,69471,6678.0,6678.0,6678.0,6678.0,0.0,135677.0,135677.0,2019-02-20,tqsdk_stage859_backtest,2019-02-20
OI905.CZCE,CZCE.OI905,2019-02-20 22:54:00,69472,6680.0,6680.0,6680.0,6680.0,0.0,135669.0,135669.0,2019-02-20,tqsdk_stage859_backtest,2019-02-20
OI905.CZCE,CZCE.OI905,2019-02-20 22:55:00,69473,6681.0,6681.0,6681.0,6681.0,0.0,135737.0,135737.0,2019-02-20,tqsdk_stage859_backtest,2019-02-20
OI905.CZCE,CZCE.OI905,2019-02-20 22:56:00,69474,6679.0,6679.0,6679.0,6679.0,0.0,135717.0,135717.0,2019-02-20,tqsdk_stage859_backtest,2019-02-20
OI905.CZCE,CZCE.OI905,2019-02-20 22:57:00,69475,6679.0,6679.0,6679.0,6679.0,0.0,135717.0,135717.0,2019-02-20,tqsdk_stage859_backtest,2019-02-20
OI905.CZCE,CZCE.OI905,2019-02-20 22:58:00,69476,6679.0,6679.0,6679.0,6679.0,0.0,135825.0,135825.0,2019-02-20,tqsdk_stage859_backtest,2019-02-20
OI905.CZCE,CZCE.OI905,2019-02-20 22:59:00,69477,6683.0,6683.0,6683.0,6683.0,0.0,135951.0,135951.0,2019-02-20,tqsdk_stage859_backtest,2019-02-20
OI905.CZCE,CZCE.OI905,2019-02-20 23:00:00,69478,6679.0,6679.0,6679.0,6679.0,0.0,136002.0,136002.0,2019-02-20,tqsdk_stage859_backtest,2019-02-20
OI905.CZCE,CZCE.OI905,2019-02-20 23:01:00,69479,6679.0,6679.0,6679.0,6679.0,0.0,135994.0,135994.0,2019-02-20,tqsdk_stage859_backtest,2019-02-20
OI905.CZCE,CZCE.OI905,2019-02-20 23:02:00,69480,6677.0,6677.0,6677.0,6677.0,0.0,135973.0,135973.0,2019-02-20,tqsdk_stage859_backtest,2019-02-20
OI905.CZCE,CZCE.OI905,2019-02-20 23:03:00,69481,6677.0,6677.0,6677.0,6677.0,0.0,135931.0,135931.0,2019-02-20,tqsdk_stage859_backtest,2019-02-20
OI905.CZCE,CZCE.OI905,2019-02-20 23:04:00,69482,6676.0,6676.0,6676.0,6676.0,0.0,135943.0,135943.0,2019-02-20,tqsdk_stage859_backtest,2019-02-20
OI905.CZCE,CZCE.OI905,2019-02-20 23:05:00,69483,6677.0,6677.0,6677.0,6677.0,0.0,135946.0,135946.0,2019-02-20,tqsdk_stage859_backtest,2019-02-20
OI905.CZCE,CZCE.OI905,2019-02-20 23:06:00,69484,6678.0,6678.0,6678.0,6678.0,0.0,135954.0,135954.0,2019-02-20,tqsdk_stage859_backtest,2019-02-20
OI905.CZCE,CZCE.OI905,2019-02-20 23:07:00,69485,6678.0,6678.0,6678.0,6678.0,0.0,135955.0,135955.0,2019-02-20,tqsdk_stage859_backtest,2019-02-20
OI905.CZCE,CZCE.OI905,2019-02-20 23:08:00,69486,6678.0,6678.0,6678.0,6678.0,0.0,135954.0,135954.0,2019-02-20,tqsdk_stage859_backtest,2019-02-20
OI905.CZCE,CZCE.OI905,2019-02-20 23:09:00,69487,6678.0,6678.0,6678.0,6678.0,0.0,135952.0,135952.0,2019-02-20,tqsdk_stage859_backtest,2019-02-20
OI905.CZCE,CZCE.OI905,2019-02-20 23:10:00,69488,6677.0,6677.0,6677.0,6677.0,0.0,135952.0,135952.0,2019-02-20,tqsdk_stage859_backtest,2019-02-20
OI905.CZCE,CZCE.OI905,2019-02-20 23:11:00,69489,6676.0,6676.0,6676.0,6676.0,0.0,135952.0,135952.0,2019-02-20,tqsdk_stage859_backtest,2019-02-20
OI905.CZCE,CZCE.OI905,2019-02-20 23:12:00,69490,6676.0,6676.0,6676.0,6676.0,0.0,135946.0,135946.0,2019-02-20,tqsdk_stage859_backtest,2019-02-20
OI905.CZCE,CZCE.OI905,2019-02-20 23:13:00,69491,6678.0,6678.0,6678.0,6678.0,0.0,135942.0,135942.0,2019-02-20,tqsdk_stage859_backtest,2019-02-20
OI905.CZCE,CZCE.OI905,2019-02-20 23:14:00,69492,6678.0,6678.0,6678.0,6678.0,0.0,135941.0,135941.0,2019-02-20,tqsdk_stage859_backtest,2019-02-20
OI905.CZCE,CZCE.OI905,2019-02-20 23:15:00,69493,6677.0,6677.0,6677.0,6677.0,0.0,135941.0,135941.0,2019-02-20,tqsdk_stage859_backtest,2019-02-20
OI905.CZCE,CZCE.OI905,2019-02-20 23:16:00,69494,6679.0,6679.0,6679.0,6679.0,0.0,135942.0,135942.0,2019-02-20,tqsdk_stage859_backtest,2019-02-20
OI905.CZCE,CZCE.OI905,2019-02-20 23:17:00,69495,6677.0,6677.0,6677.0,6677.0,0.0,135955.0,135955.0,2019-02-20,tqsdk_stage859_backtest,2019-02-20
OI905.CZCE,CZCE.OI905,2019-02-20 23:18:00,69496,6679.0,6679.0,6679.0,6679.0,0.0,135948.0,135948.0,2019-02-20,tqsdk_stage859_backtest,2019-02-20
OI905.CZCE,CZCE.OI905,2019-02-20 23:19:00,69497,6681.0,6681.0,6681.0,6681.0,0.0,135955.0,135955.0,2019-02-20,tqsdk_stage859_backtest,2019-02-20
OI905.CZCE,CZCE.OI905,2019-02-20 23:20:00,69498,6681.0,6681.0,6681.0,6681.0,0.0,135954.0,135954.0,2019-02-20,tqsdk_stage859_backtest,2019-02-20
OI905.CZCE,CZCE.OI905,2019-02-20 23:21:00,69499,6679.0,6679.0,6679.0,6679.0,0.0,136027.0,136027.0,2019-02-20,tqsdk_stage859_backtest,2019-02-20
OI905.CZCE,CZCE.OI905,2019-02-20 23:22:00,69500,6679.0,6679.0,6679.0,6679.0,0.0,136018.0,136018.0,2019-02-20,tqsdk_stage859_backtest,2019-02-20
OI905.CZCE,CZCE.OI905,2019-02-20 23:23:00,69501,6680.0,6680.0,6680.0,6680.0,0.0,135992.0,135992.0,2019-02-20,tqsdk_stage859_backtest,2019-02-20
OI905.CZCE,CZCE.OI905,2019-02-20 23:24:00,69502,6679.0,6679.0,6679.0,6679.0,0.0,135986.0,135986.0,2019-02-20,tqsdk_stage859_backtest,2019-02-20
OI905.CZCE,CZCE.OI905,2019-02-20 23:25:00,69503,6679.0,6679.0,6679.0,6679.0,0.0,135979.0,135979.0,2019-02-20,tqsdk_stage859_backtest,2019-02-20
OI905.CZCE,CZCE.OI905,2019-02-20 23:26:00,69504,6678.0,6678.0,6678.0,6678.0,0.0,135953.0,135953.0,2019-02-20,tqsdk_stage859_backtest,2019-02-20
OI905.CZCE,CZCE.OI905,2019-02-20 23:27:00,69505,6678.0,6678.0,6678.0,6678.0,0.0,135945.0,135945.0,2019-02-20,tqsdk_stage859_backtest,2019-02-20
OI905.CZCE,CZCE.OI905,2019-02-20 23:28:00,69506,6679.0,6679.0,6679.0,6679.0,0.0,135922.0,135922.0,2019-02-20,tqsdk_stage859_backtest,2019-02-20
OI905.CZCE,CZCE.OI905,2019-02-20 23:29:00,69507,6677.0,6677.0,6677.0,6677.0,0.0,135876.0,135876.0,2019-02-20,tqsdk_stage859_backtest,2019-02-20
